ספר,סימן,סעיף,,מחזור יד,מחזור טו,מחזור טז
"שו""ע או""ח",א,א-ג,,13/01/12,13/06/16,12/11/20
"שו""ע או""ח",א,ד-ו,,14/01/12,14/06/16,13/11/20
"שו""ע או""ח",א,ז-ט,,15/01/12,15/06/16,14/11/20
"שו""ע או""ח",ב,א-ג,,16/01/12,16/06/16,15/11/20
"שו""ע או""ח",ב,ד-ו,,17/01/12,17/06/16,16/11/20
"שו""ע או""ח",ג,א-ג,,18/01/12,18/06/16,17/11/20
"שו""ע או""ח",ג,ד-ו,,19/01/12,19/06/16,18/11/20
"שו""ע או""ח",ג,ז-ט,,20/01/12,20/06/16,19/11/20
"שו""ע או""ח",ג,י-יב,,21/01/12,21/06/16,20/11/20
"שו""ע או""ח",ג,יג-טו,,22/01/12,22/06/16,21/11/20
"שו""ע או""ח",ג-ד,טז-א,,23/01/12,23/06/16,22/11/20
"שו""ע או""ח",ד,ב-ד,,24/01/12,24/06/16,23/11/20
"שו""ע או""ח",ד,ה-ז,,25/01/12,25/06/16,24/11/20
"שו""ע או""ח",ד,ח-י,,26/01/12,26/06/16,25/11/20
"שו""ע או""ח",ד,יא-יג,,27/01/12,27/06/16,26/11/20
"שו""ע או""ח",ד,יד-טז,,28/01/12,28/06/16,27/11/20
"שו""ע או""ח",ד,יז-יט,,29/01/12,29/06/16,28/11/20
"שו""ע או""ח",ד,כ-כב,,30/01/12,30/06/16,29/11/20
"שו""ע או""ח",ד-ה-ו,כג-א,,31/01/12,01/07/16,30/11/20
"שו""ע או""ח",ו,ב-ד,,01/02/12,02/07/16,01/12/20
"שו""ע או""ח",ז,א-ג,,02/02/12,03/07/16,02/12/20
"שו""ע או""ח",ז-ח,ד-ב,,03/02/12,04/07/16,03/12/20
"שו""ע או""ח",ח,ג-ה,,04/02/12,05/07/16,04/12/20
"שו""ע או""ח",ח,ו-ח,,05/02/12,06/07/16,05/12/20
"שו""ע או""ח",ח,ט-יא,,06/02/12,07/07/16,06/12/20
"שו""ע או""ח",ח,יב-יד,,07/02/12,08/07/16,07/12/20
"שו""ע או""ח",ח,טו-יז,,08/02/12,09/07/16,08/12/20
"שו""ע או""ח",ט,א-ג,,09/02/12,10/07/16,09/12/20
"שו""ע או""ח",ט,ד-ו,,10/02/12,11/07/16,10/12/20
"שו""ע או""ח",י,א-ג,,11/02/12,12/07/16,11/12/20
"שו""ע או""ח",י,ד-ו,,12/02/12,13/07/16,12/12/20
"שו""ע או""ח",י,ז-ט,,13/02/12,14/07/16,13/12/20
"שו""ע או""ח",י,י-יב,,14/02/12,15/07/16,14/12/20
"שו""ע או""ח",יא,א-ג,,15/02/12,16/07/16,15/12/20
"שו""ע או""ח",יא,ד-ו,,16/02/12,17/07/16,16/12/20
"שו""ע או""ח",יא,ז-ט,,17/02/12,18/07/16,17/12/20
"שו""ע או""ח",יא,י-יב,,18/02/12,19/07/16,18/12/20
"שו""ע או""ח",יא,יג-טו,,19/02/12,20/07/16,19/12/20
"שו""ע או""ח",יב,א-ג,,20/02/12,21/07/16,20/12/20
"שו""ע או""ח",יג,א-ג,,21/02/12,22/07/16,21/12/20
"שו""ע או""ח",יד,א-ג,,22/02/12,23/07/16,22/12/20
"שו""ע או""ח",יד-טו,ד-א,,23/02/12,24/07/16,23/12/20
"שו""ע או""ח",טו,ב-ד,,24/02/12,25/07/16,24/12/20
"שו""ע או""ח",טו-טז,ה-א,,25/02/12,26/07/16,25/12/20
"שו""ע או""ח",יז,א-ג,,26/02/12,27/07/16,26/12/20
"שו""ע או""ח",יח,א-ג,,27/02/12,28/07/16,27/12/20
"שו""ע או""ח",יט-כ,א-א,,28/02/12,29/07/16,28/12/20
"שו""ע או""ח",כ-כא,ב-ב,,29/02/12,30/07/16,29/12/20
"שו""ע או""ח",כא-כב,ג-א,,01/03/12,31/07/16,30/12/20
"שו""ע או""ח",כג,א-ג,,02/03/12,01/08/16,31/12/20
"שו""ע או""ח",כד,א-ג,,03/03/12,02/08/16,01/01/21
"שו""ע או""ח",כד,ד-ו,,04/03/12,03/08/16,02/01/21
"שו""ע או""ח",כה,א-ג,,05/03/12,04/08/16,03/01/21
"שו""ע או""ח",כה,ד-ו,,06/03/12,05/08/16,04/01/21
"שו""ע או""ח",כה,ז-ט,,07/03/12,06/08/16,05/01/21
"שו""ע או""ח",כה,י-יב,,08/03/12,07/08/16,06/01/21
"שו""ע או""ח",כה-ו,יג-ב,,09/03/12,08/08/16,07/01/21
"שו""ע או""ח",כז,א-ג,,10/03/12,09/08/16,08/01/21
"שו""ע או""ח",כז,ד-ו,,11/03/12,10/08/16,09/01/21
"שו""ע או""ח",כז,ז-ט,,12/03/12,11/08/16,10/01/21
"שו""ע או""ח",כז-ח,י-א,,13/03/12,12/08/16,11/01/21
"שו""ע או""ח",כח-ט,ב-א,,14/03/12,13/08/16,12/01/21
"שו""ע או""ח",ל,א-ג,,15/03/12,14/08/16,13/01/21
"שו""ע או""ח",ל-לא,ד-א,,16/03/12,15/08/16,14/01/21
"שו""ע או""ח",לא-ב,ב-ב,,17/03/12,16/08/16,15/01/21
"שו""ע או""ח",לב,ג-ה,,18/03/12,17/08/16,16/01/21
"שו""ע או""ח",לב,ו-ח,,19/03/12,18/08/16,17/01/21
"שו""ע או""ח",לב,ט-יא,,20/03/12,19/08/16,18/01/21
"שו""ע או""ח",לב,יב-יד,,21/03/12,20/08/16,19/01/21
"שו""ע או""ח",לב,טו-יז,,22/03/12,21/08/16,20/01/21
"שו""ע או""ח",לב,יח-כ,,23/03/12,22/08/16,21/01/21
"שו""ע או""ח",לב,כא-כג,,24/03/12,23/08/16,22/01/21
"שו""ע או""ח",לב,כד-כו,,25/03/12,24/08/16,23/01/21
"שו""ע או""ח",לב,כז-כט,,26/03/12,25/08/16,24/01/21
"שו""ע או""ח",לב,ל-לב,,27/03/12,26/08/16,25/01/21
"שו""ע או""ח",לב,לג-לה,,28/03/12,27/08/16,26/01/21
"שו""ע או""ח",לב,לו-לח,,29/03/12,28/08/16,27/01/21
"שו""ע או""ח",לב,לט-מא,,30/03/12,29/08/16,28/01/21
"שו""ע או""ח",לב,מב-מד,,31/03/12,30/08/16,29/01/21
"שו""ע או""ח",לב,מה-מז,,01/04/12,31/08/16,30/01/21
"שו""ע או""ח",לב,מח-נ,,02/04/12,01/09/16,31/01/21
"שו""ע או""ח",לב-לג,נא-א,,03/04/12,02/09/16,01/02/21
"שו""ע או""ח",לג,ב-ד,,04/04/12,03/09/16,02/02/21
"שו""ע או""ח",לג-ד,ה-ב,,05/04/12,04/09/16,03/02/21
"שו""ע או""ח",לד-ה,ג-א,,06/04/12,05/09/16,04/02/21
"שו""ע או""ח",לו,א-ג,,07/04/12,06/09/16,05/02/21
"שו""ע או""ח",לז ,א-ג,,08/04/12,07/09/16,06/02/21
"שו""ע או""ח",לח,א-ג,,09/04/12,08/09/16,07/02/21
"שו""ע או""ח",לח,ד-ו,,10/04/12,09/09/16,08/02/21
"שו""ע או""ח",לח,ז-ט,,11/04/12,10/09/16,09/02/21
"שו""ע או""ח",לח,י-יב,,12/04/12,11/09/16,10/02/21
"שו""ע או""ח",לח-לט,יג-ב,,13/04/12,12/09/16,11/02/21
"שו""ע או""ח",לט,ג-ה,,14/04/12,13/09/16,12/02/21
"שו""ע או""ח",לט,ו-ח,,15/04/12,14/09/16,13/02/21
"שו""ע או""ח",לט-מ,ט-א,,16/04/12,15/09/16,14/02/21
"שו""ע או""ח",מ,ב-ד,,17/04/12,16/09/16,15/02/21
"שו""ע או""ח",מ,ה-ז,,18/04/12,17/09/16,16/02/21
"שו""ע או""ח",מ-מא-מב,ח-א,,19/04/12,18/09/16,17/02/21
"שו""ע או""ח",מב-מג,ב-א,,20/04/12,19/09/16,18/02/21
"שו""ע או""ח",מג,ב-ד,,21/04/12,20/09/16,19/02/21
"שו""ע או""ח",מג,ה-ז,,22/04/12,21/09/16,20/02/21
"שו""ע או""ח",מג-מד,ח-א,,23/04/12,22/09/16,21/02/21
"שו""ע או""ח",מה-מו,א-א,,24/04/12,23/09/16,22/02/21
"שו""ע או""ח",מו,ב-ד,,25/04/12,24/09/16,23/02/21
"שו""ע או""ח",מו,ה-ז,,26/04/12,25/09/16,24/02/21
"שו""ע או""ח",מו-מז,ח-א,,27/04/12,26/09/16,25/02/21
"שו""ע או""ח",מז,ב-ד,,28/04/12,27/09/16,26/02/21
"שו""ע או""ח",מז,ה-ז,,29/04/12,28/09/16,27/02/21
"שו""ע או""ח",מז,ח-י,,30/04/12,29/09/16,28/02/21
"שו""ע או""ח",מז,יא-יג,,01/05/12,30/09/16,01/03/21
"שו""ע או""ח",מז-מח-מט,יד-א,,02/05/12,01/10/16,02/03/21
"שו""ע או""ח",נ-נא,א-ב,,03/05/12,02/10/16,03/03/21
"שו""ע או""ח",נא,ג-ה,,04/05/12,03/10/16,04/03/21
"שו""ע או""ח",נא,ו-ח,,05/05/12,04/10/16,05/03/21
"שו""ע או""ח",נא-נב-נג,ט-א,,06/05/12,05/10/16,06/03/21
"שו""ע או""ח",נג,ב-ד,,07/05/12,06/10/16,07/03/21
"שו""ע או""ח",נג,ה-ז,,08/05/12,07/10/16,08/03/21
"שו""ע או""ח",נג,ח-י,,09/05/12,08/10/16,09/03/21
"שו""ע או""ח",נג,יא-יג,,10/05/12,09/10/16,10/03/21
"שו""ע או""ח",נג,יד-טז,,11/05/12,10/10/16,11/03/21
"שו""ע או""ח",נג,יז-יט,,12/05/12,11/10/16,12/03/21
"שו""ע או""ח",נג,כ-כב,,13/05/12,12/10/16,13/03/21
"שו""ע או""ח",נג,כג-כה,,14/05/12,13/10/16,14/03/21
"שו""ע או""ח",נג-נד,כו-ב,,15/05/12,14/10/16,15/03/21
"שו""ע או""ח",נד-נה,ג-ב,,16/05/12,15/10/16,16/03/21
"שו""ע או""ח",נה,ג-ה,,17/05/12,16/10/16,17/03/21
"שו""ע או""ח",נה,ו-ח,,18/05/12,17/10/16,18/03/21
"שו""ע או""ח",נה,ט-יא,,19/05/12,18/10/16,19/03/21
"שו""ע או""ח",נה,יב-יד,,20/05/12,19/10/16,20/03/21
"שו""ע או""ח",נה,טו-יז,,21/05/12,20/10/16,21/03/21
"שו""ע או""ח",נה,יח-כ,,22/05/12,21/10/16,22/03/21
"שו""ע או""ח",נה-נו,כא-א,,23/05/12,22/10/16,23/03/21
"שו""ע או""ח",נו,ב-ד,,24/05/12,23/10/16,24/03/21
"שו""ע או""ח",נו-נז,ה-ב,,25/05/12,24/10/16,25/03/21
"שו""ע או""ח",נח,א-ג,,26/05/12,25/10/16,26/03/21
"שו""ע או""ח",נח,ד-ו,,27/05/12,26/10/16,27/03/21
"שו""ע או""ח",נח-נט,ז-ב,,28/05/12,27/10/16,28/03/21
"שו""ע או""ח",נט,ג-ה,,29/05/12,28/10/16,29/03/21
"שו""ע או""ח",ס,א-ג,,30/05/12,29/10/16,30/03/21
"שו""ע או""ח",ס-סא,ד-ה-א,,31/05/12,30/10/16,31/03/21
"שו""ע או""ח",סא,ב-ג-ד,,01/06/12,31/10/16,01/04/21
"שו""ע או""ח",סא,ה-ו-ז,,02/06/12,01/11/16,02/04/21
"שו""ע או""ח",סא,ח-ט-י,,03/06/12,02/11/16,03/04/21
"שו""ע או""ח",סא,יא-יב-יג,,04/06/12,03/11/16,04/04/21
"שו""ע או""ח",סא,יד-טו-טז,,05/06/12,04/11/16,05/04/21
"שו""ע או""ח",סא,יז-יח-יט,,06/06/12,05/11/16,06/04/21
"שו""ע או""ח",סא,כ-כב,,07/06/12,06/11/16,07/04/21
"שו""ע או""ח",סא,כג-כה,,08/06/12,07/11/16,08/04/21
"שו""ע או""ח",סא-סב,כו-ב,,09/06/12,08/11/16,09/04/21
"שו""ע או""ח",סב,ג-ה,,10/06/12,09/11/16,10/04/21
"שו""ע או""ח",סג,א-ג,,11/06/12,10/11/16,11/04/21
"שו""ע או""ח",סג,ד-ו,,12/06/12,11/11/16,12/04/21
"שו""ע או""ח",סג,ז-ט,,13/06/12,12/11/16,13/04/21
"שו""ע או""ח",סד,א-ג,,14/06/12,13/11/16,14/04/21
"שו""ע או""ח",סד-סה,ד-ב,,15/06/12,14/11/16,15/04/21
"שו""ע או""ח",סה-סו,ג-ב,,16/06/12,15/11/16,16/04/21
"שו""ע או""ח",סו,ג-ה,,17/06/12,16/11/16,17/04/21
"שו""ע או""ח",סו,ו-ח,,18/06/12,17/11/16,18/04/21
"שו""ע או""ח",סו-סז,ט-א,,19/06/12,18/11/16,19/04/21
"שו""ע או""ח",סח-סט,א-ב,,20/06/12,19/11/16,20/04/21
"שו""ע או""ח",ע,א-ג,,21/06/12,20/11/16,21/04/21
"שו""ע או""ח",ע-עא,ד-א,,22/06/12,21/11/16,22/04/21
"שו""ע או""ח",עא,ב-ד,,23/06/12,22/11/16,23/04/21
"שו""ע או""ח",עא,ה-ז,,24/06/12,23/11/16,24/04/21
"שו""ע או""ח",עב,א-ג,,25/06/12,24/11/16,25/04/21
"שו""ע או""ח",עב-עג,ד-א,,26/06/12,25/11/16,26/04/21
"שו""ע או""ח",עג,ב-ד,,27/06/12,26/11/16,27/04/21
"שו""ע או""ח",עד,א-ג,,28/06/12,27/11/16,28/04/21
"שו""ע או""ח",עד,ד-ו,,29/06/12,28/11/16,29/04/21
"שו""ע או""ח",עה,א-ג,,30/06/12,29/11/16,30/04/21
"שו""ע או""ח",עה,ד-ו,,01/07/12,30/11/16,01/05/21
"שו""ע או""ח",עו,א-ג,,02/07/12,01/12/16,02/05/21
"שו""ע או""ח",עו,ד-ו,,03/07/12,02/12/16,03/05/21
"שו""ע או""ח",עו-עז,ז-א,,04/07/12,03/12/16,04/05/21
"שו""ע או""ח",עז-ח-ט,ב-א,,05/07/12,04/12/16,05/05/21
"שו""ע או""ח",עט,ב-ד,,06/07/12,05/12/16,06/05/21
"שו""ע או""ח",עט,ה-ז,,07/07/12,06/12/16,07/05/21
"שו""ע או""ח",עט-פ,ח-א,,08/07/12,07/12/16,08/05/21
"שו""ע או""ח",פא-פב,א-א,,09/07/12,08/12/16,09/05/21
"שו""ע או""ח",פב-פג,ב-ב,,10/07/12,09/12/16,10/05/21
"שו""ע או""ח",פג,ג-ה,,11/07/12,10/12/16,11/05/21
"שו""ע או""ח",פד-פה,א-ב,,12/07/12,11/12/16,12/05/21
"שו""ע או""ח",פו-פז,א-ב,,13/07/12,12/12/16,13/05/21
"שו""ע או""ח",פז-ח-ט,ג-א,,14/07/12,13/12/16,14/05/21
"שו""ע או""ח",פט,ב-ד,,15/07/12,14/12/16,15/05/21
"שו""ע או""ח",פט,ה-ז,,16/07/12,15/12/16,16/05/21
"שו""ע או""ח",פט-צ,ח-ב,,17/07/12,16/12/16,17/05/21
"שו""ע או""ח",צ,ג-ה,,18/07/12,17/12/16,18/05/21
"שו""ע או""ח",צ,ו-ח,,19/07/12,18/12/16,19/05/21
"שו""ע או""ח",צ,ט-יא,,20/07/12,19/12/16,20/05/21
"שו""ע או""ח",צ,יב-יד,,21/07/12,20/12/16,21/05/21
"שו""ע או""ח",צ,טו-יז,,22/07/12,21/12/16,22/05/21
"שו""ע או""ח",צ,יח-כ,,23/07/12,22/12/16,23/05/21
"שו""ע או""ח",צ,כא-כג,,24/07/12,23/12/16,24/05/21
"שו""ע או""ח",צ,כד-כו,,25/07/12,24/12/16,25/05/21
"שו""ע או""ח",צ-צא,כז-נ,,26/07/12,25/12/16,26/05/21
"שו""ע או""ח",צא,ג-ה,,27/07/12,26/12/16,27/05/21
"שו""ע או""ח",צא-צב,ו-ה,,28/07/12,27/12/16,28/05/21
"שו""ע או""ח",צב,ג-ה,,29/07/12,28/12/16,29/05/21
"שו""ע או""ח",צב,ו-ח,,30/07/12,29/12/16,30/05/21
"שו""ע או""ח",צב-צג,ט-א,,31/07/12,30/12/16,31/05/21
"שו""ע או""ח",צג,ב-ד,,01/08/12,31/12/16,01/06/21
"שו""ע או""ח",צד,א-ג,,02/08/12,01/01/17,02/06/21
"שו""ע או""ח",צד,ד-ו,,03/08/12,02/01/17,03/06/21
"שו""ע או""ח",צד,ז-ט,,04/08/12,03/01/17,04/06/21
"שו""ע או""ח",צה,א-ג,,05/08/12,04/01/17,05/06/21
"שו""ע או""ח",צה-צו,ד-ב,,06/08/12,05/01/17,06/06/21
"שו""ע או""ח",צז,א-ג,,07/08/12,06/01/17,07/06/21
"שו""ע או""ח",צז-צח,ד-א,,08/08/12,07/01/17,08/06/21
"שו""ע או""ח",צח,ב-ד,,09/08/12,08/01/17,09/06/21
"שו""ע או""ח",צח-צט,ה-ב,,10/08/12,09/01/17,10/06/21
"שו""ע או""ח",צט-ק-קא,ג-א,,11/08/12,10/01/17,11/06/21
"שו""ע או""ח",קא,ב-ד,,12/08/12,11/01/17,12/06/21
"שו""ע או""ח",קב,א-ג,,13/08/12,12/01/17,13/06/21
"שו""ע או""ח",קב-קג,ד-א,,14/08/12,13/01/17,14/06/21
"שו""ע או""ח",קג-קד,ב-א,,15/08/12,14/01/17,15/06/21
"שו""ע או""ח",קד,ב-ד,,16/08/12,15/01/17,16/06/21
"שו""ע או""ח",קד,ה-ז,,17/08/12,16/01/17,17/06/21
"שו""ע או""ח",קד-ה-ו,ח-א,,18/08/12,17/01/17,18/06/21
"שו""ע או""ח",קו-ז,ב-ב,,19/08/12,18/01/17,19/06/21
"שו""ע או""ח",קז-ח,ג-א,,20/08/12,19/01/17,20/06/21
"שו""ע או""ח",קח,ב-ד,,21/08/12,20/01/17,21/06/21
"שו""ע או""ח",קח,ה-ז,,22/08/12,21/01/17,22/06/21
"שו""ע או""ח",קח,ח-י,,23/08/12,22/01/17,23/06/21
"שו""ע או""ח",קח-ט,יא-א,,24/08/12,23/01/17,24/06/21
"שו""ע או""ח",קט-י,ב-א,,25/08/12,24/01/17,25/06/21
"שו""ע או""ח",קי,ב-ד,,26/08/12,25/01/17,26/06/21
"שו""ע או""ח",קי,ה-ז,,27/08/12,26/01/17,27/06/21
"שו""ע או""ח",קי-קיא,ח-ב,,28/08/12,27/01/17,28/06/21
"שו""ע או""ח",קיא-ב,ג-ב,,29/08/12,28/01/17,29/06/21
"שו""ע או""ח",קיג,א-ג,,30/08/12,29/01/17,30/06/21
"שו""ע או""ח",קיג,ד-ו,,31/08/12,30/01/17,01/07/21
"שו""ע או""ח",קיג,ז-ט,,01/09/12,31/01/17,02/07/21
"שו""ע או""ח",קיד,א-ג,,02/09/12,01/02/17,03/07/21
"שו""ע או""ח",קיד,ד-ו,,03/09/12,02/02/17,04/07/21
"שו""ע או""ח",קיד,ז-ט,,04/09/12,03/02/17,05/07/21
"שו""ע או""ח",קטו-טז-יז,א-א,,05/09/12,04/02/17,06/07/21
"שו""ע או""ח",קיז,ב-ד,,06/09/12,05/02/17,07/07/21
"שו""ע או""ח",קיז-יח-יט,ה-א,,07/09/12,06/02/17,08/07/21
"שו""ע או""ח",קיט,ב-ד,,08/09/12,07/02/17,09/07/21
"שו""ע או""ח",קכ-א,א-ב,,09/09/12,08/02/17,10/07/21
"שו""ע או""ח",קכא-ב,ג-ב,,10/09/12,09/02/17,11/07/21
"שו""ע או""ח",קכב-ג,ג-ב,,11/09/12,10/02/17,12/07/21
"שו""ע או""ח",קכג,ג-ה,,12/09/12,11/02/17,13/07/21
"שו""ע או""ח",קכג-ד,ו-ב,,13/09/12,12/02/17,14/07/21
"שו""ע או""ח",קכד,ג-ה,,14/09/12,13/02/17,15/07/21
"שו""ע או""ח",קכד,ו-ח,,15/09/12,14/02/17,16/07/21
"שו""ע או""ח",קכד,ט-יא,,16/09/12,15/02/17,17/07/21
"שו""ע או""ח",קכד-ה,יב-ב,,17/09/12,16/02/17,18/07/21
"שו""ע או""ח",קכו,א-ג,,18/09/12,17/02/17,19/07/21
"שו""ע או""ח",קכו-ז,ד-ב,,19/09/12,18/02/17,20/07/21
"שו""ע או""ח",קכח,א-ג,,20/09/12,19/02/17,21/07/21
"שו""ע או""ח",קכח,ד-ו,,21/09/12,20/02/17,22/07/21
"שו""ע או""ח",קכח,ז-ט,,22/09/12,21/02/17,23/07/21
"שו""ע או""ח",קכח,י-יב,,23/09/12,22/02/17,24/07/21
"שו""ע או""ח",קכח,יג-טו,,24/09/12,23/02/17,25/07/21
"שו""ע או""ח",קכח,טז-יח,,25/09/12,24/02/17,26/07/21
"שו""ע או""ח",קכח,יט-כא,,26/09/12,25/02/17,27/07/21
"שו""ע או""ח",קכח,כב-כד,,27/09/12,26/02/17,28/07/21
"שו""ע או""ח",קכח,כה-כז,,28/09/12,27/02/17,29/07/21
"שו""ע או""ח",קכח,כח-ל,,29/09/12,28/02/17,30/07/21
"שו""ע או""ח",קכח,לא-לג,,30/09/12,01/03/17,31/07/21
"שו""ע או""ח",קכח,לד-לו,,01/10/12,02/03/17,01/08/21
"שו""ע או""ח",קכח,לז-לט,,02/10/12,03/03/17,02/08/21
"שו""ע או""ח",קכח,מ-מב,,03/10/12,04/03/17,03/08/21
"שו""ע או""ח",קכח,מג-מה,,04/10/12,05/03/17,04/08/21
"שו""ע או""ח",קכט-ל,א-א,,05/10/12,06/03/17,05/08/21
"שו""ע או""ח",קלא,א-ג,,06/10/12,07/03/17,06/08/21
"שו""ע או""ח",קלא,ד-ו,,07/10/12,08/03/17,07/08/21
"שו""ע או""ח",קלא-ב,ז-א,,08/10/12,09/03/17,08/08/21
"שו""ע או""ח",קלב-ג-ד,ב-א,,09/10/12,10/03/17,09/08/21
"שו""ע או""ח",קלד-ה,ב-ב,,10/10/12,11/03/17,10/08/21
"שו""ע או""ח",קלה,ג-ה,,11/10/12,12/03/17,11/08/21
"שו""ע או""ח",קלה,ו-ח,,12/10/12,13/03/17,12/08/21
"שו""ע או""ח",קלה,ט-יא,,13/10/12,14/03/17,13/08/21
"שו""ע או""ח",קלה,יב-יד,,14/10/12,15/03/17,14/08/21
"שו""ע או""ח",קלו-ז,א-ב,,15/10/12,16/03/17,15/08/21
"שו""ע או""ח",קלז,ג-ה,,16/10/12,17/03/17,16/08/21
"שו""ע או""ח",קלז-ח-ט,ו-א,,17/10/12,18/03/17,17/08/21
"שו""ע או""ח",קלט,ב-ד,,18/10/12,19/03/17,18/08/21
"שו""ע או""ח",קלט,ה-ז,,19/10/12,20/03/17,19/08/21
"שו""ע או""ח",קלט,ח-י,,20/10/12,21/03/17,20/08/21
"שו""ע או""ח",קלט-מ,יא-ב,,21/10/12,22/03/17,21/08/21
"שו""ע או""ח",קמ-א,ג-ב,,22/10/12,23/03/17,22/08/21
"שו""ע או""ח",קמא,ג-ה,,23/10/12,24/03/17,23/08/21
"שו""ע או""ח",קמא,ו-ח,,24/10/12,25/03/17,24/08/21
"שו""ע או""ח",קמב-ג,א-א,,25/10/12,26/03/17,25/08/21
"שו""ע או""ח",קמג,ב-ד,,26/10/12,27/03/17,26/08/21
"שו""ע או""ח",קמג-ד,ה-ב,,27/10/12,28/03/17,27/08/21
"שו""ע או""ח",קמד-ה,ג-א,,28/10/12,29/03/17,28/08/21
"שו""ע או""ח",קמה-ו,ב-א,,29/10/12,30/03/17,29/08/21
"שו""ע או""ח",קמו,ב-ד,,30/10/12,31/03/17,30/08/21
"שו""ע או""ח",קמז,א-ג,,31/10/12,01/04/17,31/08/21
"שו""ע או""ח",קמז,ד-ו,,01/11/12,02/04/17,01/09/21
"שו""ע או""ח",קמז-ח,ז-א,,02/11/12,03/04/17,02/09/21
"שו""ע או""ח",קמט-נ,א-ב,,03/11/12,04/04/17,03/09/21
"שו""ע או""ח",קנ,ג-ה,,04/11/12,05/04/17,04/09/21
"שו""ע או""ח",קנא,א-ג,,05/11/12,06/04/17,05/09/21
"שו""ע או""ח",קנא,ד-ו,,06/11/12,07/04/17,06/09/21
"שו""ע או""ח",קנא,ז-ט,,07/11/12,08/04/17,07/09/21
"שו""ע או""ח",קנא,י-יב,,08/11/12,09/04/17,08/09/21
"שו""ע או""ח",קנב-ג,א-ב,,09/11/12,10/04/17,09/09/21
"שו""ע או""ח",קנג,ג-ה,,10/11/12,11/04/17,10/09/21
"שו""ע או""ח",קנג,ו-ח,,11/11/12,12/04/17,11/09/21
"שו""ע או""ח",קנג,ט-יא,,12/11/12,13/04/17,12/09/21
"שו""ע או""ח",קנג,יב-יד,,13/11/12,14/04/17,13/09/21
"שו""ע או""ח",קנג,טו-יז,,14/11/12,15/04/17,14/09/21
"שו""ע או""ח",קנג,יח-כ,,15/11/12,16/04/17,15/09/21
"שו""ע או""ח",קנג-ד,כא-א,,16/11/12,17/04/17,16/09/21
"שו""ע או""ח",קנד,ב-ד,,17/11/12,18/04/17,17/09/21
"שו""ע או""ח",קנד,ה-ז,,18/11/12,19/04/17,18/09/21
"שו""ע או""ח",קנד,ח-י,,19/11/12,20/04/17,19/09/21
"שו""ע או""ח",קנד,יא-יג,,20/11/12,21/04/17,20/09/21
"שו""ע או""ח",קנד-ה,יד-א,,21/11/12,22/04/17,21/09/21
"שו""ע או""ח",קנה-ו-ז,ב-א,,22/11/12,23/04/17,22/09/21
"שו""ע או""ח",קנח,א-ג,,23/11/12,24/04/17,23/09/21
"שו""ע או""ח",קנח,ד-ו,,24/11/12,25/04/17,24/09/21
"שו""ע או""ח",קנח,ז-ט,,25/11/12,26/04/17,25/09/21
"שו""ע או""ח",קנח,י-יב,,26/11/12,27/04/17,26/09/21
"שו""ע או""ח",קנח-ט,יג-ב,,27/11/12,28/04/17,27/09/21
"שו""ע או""ח",קנט,ג-ה,,28/11/12,29/04/17,28/09/21
"שו""ע או""ח",קנט,ו-ח,,29/11/12,30/04/17,29/09/21
"שו""ע או""ח",קנט,ט-יא,,30/11/12,01/05/17,30/09/21
"שו""ע או""ח",קנט,יב-יד,,01/12/12,02/05/17,01/10/21
"שו""ע או""ח",קנט,טו-יז,,02/12/12,03/05/17,02/10/21
"שו""ע או""ח",קנט,יח-כ,,03/12/12,04/05/17,03/10/21
"שו""ע או""ח",קס,א-ג,,04/12/12,05/05/17,04/10/21
"שו""ע או""ח",קס,ד-ו,,05/12/12,06/05/17,05/10/21
"שו""ע או""ח",קס,ז-ט,,06/12/12,07/05/17,06/10/21
"שו""ע או""ח",קס,י-יב,,07/12/12,08/05/17,07/10/21
"שו""ע או""ח",קס,יג-טו,,08/12/12,09/05/17,08/10/21
"שו""ע או""ח",קסא,א-ג,,09/12/12,10/05/17,09/10/21
"שו""ע או""ח",קסא-ב,ד-ב,,10/12/12,11/05/17,10/10/21
"שו""ע או""ח",קסב,ג-ה,,11/12/12,12/05/17,11/10/21
"שו""ע או""ח",קסב,ו-ח,,12/12/12,13/05/17,12/10/21
"שו""ע או""ח",קסב-ג,ט-א,,13/12/12,14/05/17,13/10/21
"שו""ע או""ח",קסג-ד,ב-ב,,14/12/12,15/05/17,14/10/21
"שו""ע או""ח",קסה-ו,א-א,,15/12/12,16/05/17,15/10/21
"שו""ע או""ח",קסז,א-ג,,16/12/12,17/05/17,16/10/21
"שו""ע או""ח",קסז,ד-ו,,17/12/12,18/05/17,17/10/21
"שו""ע או""ח",קסז,ז-ט,,18/12/12,19/05/17,18/10/21
"שו""ע או""ח",קסז,י-יב,,19/12/12,20/05/17,19/10/21
"שו""ע או""ח",קסז,יג-טו,,20/12/12,21/05/17,20/10/21
"שו""ע או""ח",קסז,טז-יח,,21/12/12,22/05/17,21/10/21
"שו""ע או""ח",קסז-ח,יט-א,,22/12/12,23/05/17,22/10/21
"שו""ע או""ח",קסח,ב-ד,,23/12/12,24/05/17,23/10/21
"שו""ע או""ח",קסח,ה-ז,,24/12/12,25/05/17,24/10/21
"שו""ע או""ח",קסח,ח-י,,25/12/12,26/05/17,25/10/21
"שו""ע או""ח",קסח,יא-יג,,26/12/12,27/05/17,26/10/21
"שו""ע או""ח",קסח,יד-טז,,27/12/12,28/05/17,27/10/21
"שו""ע או""ח",קסח-ט,יז-ב,,28/12/12,29/05/17,28/10/21
"שו""ע או""ח",קסט-ע,ג-ב,,29/12/12,30/05/17,29/10/21
"שו""ע או""ח",קע,ג-ה,,30/12/12,31/05/17,30/10/21
"שו""ע או""ח",קע,ו-ח,,31/12/12,01/06/17,31/10/21
"שו""ע או""ח",קע,ט-יא,,01/01/13,02/06/17,01/11/21
"שו""ע או""ח",קע,יב-יד,,02/01/13,03/06/17,02/11/21
"שו""ע או""ח",קע,טו-יז,,03/01/13,04/06/17,03/11/21
"שו""ע או""ח",קע,יח-כ,,04/01/13,05/06/17,04/11/21
"שו""ע או""ח",קע-א,כא-א,,05/01/13,06/06/17,05/11/21
"שו""ע או""ח",קעא,ב-ד,,06/01/13,07/06/17,06/11/21
"שו""ע או""ח",קעא-ב,ה-ב,,07/01/13,08/06/17,07/11/21
"שו""ע או""ח",קעג,א-ג,,08/01/13,09/06/17,08/11/21
"שו""ע או""ח",קעד,א-ג,,09/01/13,10/06/17,09/11/21
"שו""ע או""ח",קעד,ד-ו,,10/01/13,11/06/17,10/11/21
"שו""ע או""ח",קעד-ה,ז-א,,11/01/13,12/06/17,11/11/21
"שו""ע או""ח",קעה,ב-ד,,12/01/13,13/06/17,12/11/21
"שו""ע או""ח",קעה-ו,ה-א,,13/01/13,14/06/17,13/11/21
"שו""ע או""ח",קעז,א-ג,,14/01/13,15/06/17,14/11/21
"שו""ע או""ח",קעז-ח,ד-א,,15/01/13,16/06/17,15/11/21
"שו""ע או""ח",קעח,ב-ד,,16/01/13,17/06/17,16/11/21
"שו""ע או""ח",קעח,ה-ז,,17/01/13,18/06/17,17/11/21
"שו""ע או""ח",קעט,א-ג,,18/01/13,19/06/17,18/11/21
"שו""ע או""ח",קעט,ד-ו,,19/01/13,20/06/17,19/11/21
"שו""ע או""ח",קפ,א-ג,,20/01/13,21/06/17,20/11/21
"שו""ע או""ח",קפ-א,ד-א,,21/01/13,22/06/17,21/11/21
"שו""ע או""ח",קפא,ב-ד,,22/01/13,23/06/17,22/11/21
"שו""ע או""ח",קפא,ה-ז,,23/01/13,24/06/17,23/11/21
"שו""ע או""ח",קפא,ח-י,,24/01/13,25/06/17,24/11/21
"שו""ע או""ח",קפב,א-ג,,25/01/13,26/06/17,25/11/21
"שו""ע או""ח",קפב,ד-ו,,26/01/13,27/06/17,26/11/21
"שו""ע או""ח",קפב-ג,ז-ב,,27/01/13,28/06/17,27/11/21
"שו""ע או""ח",קפג,ג-ה,,28/01/13,29/06/17,28/11/21
"שו""ע או""ח",קפג,ו-ח,,29/01/13,30/06/17,29/11/21
"שו""ע או""ח",קפג,ט-יא,,30/01/13,01/07/17,30/11/21
"שו""ע או""ח",קפג-ד,יב-ב,,31/01/13,02/07/17,01/12/21
"שו""ע או""ח",קפד,ג-ה,,01/02/13,03/07/17,02/12/21
"שו""ע או""ח",קפד-ה,ו-ב,,02/02/13,04/07/17,03/12/21
"שו""ע או""ח",קפה,ג-ה,,03/02/13,05/07/17,04/12/21
"שו""ע או""ח",קפו-ז,א-א,,04/02/13,06/07/17,05/12/21
"שו""ע או""ח",קפז,ב-ד,,05/02/13,07/07/17,06/12/21
"שו""ע או""ח",קפח,א-ג,,06/02/13,08/07/17,07/12/21
"שו""ע או""ח",קפח,ד-ו,,07/02/13,09/07/17,08/12/21
"שו""ע או""ח",קפח,ז-ט,,08/02/13,10/07/17,09/12/21
"שו""ע או""ח",קפח-ט,י-ב,,09/02/13,11/07/17,10/12/21
"שו""ע או""ח",קצ,א-ג,,10/02/13,12/07/17,11/12/21
"שו""ע או""ח",קצ-א,ד-א,,11/02/13,13/07/17,12/12/21
"שו""ע או""ח",קצא-ב,ב-א,,12/02/13,14/07/17,13/12/21
"שו""ע או""ח",קצב-ג,ב-ב,,13/02/13,15/07/17,14/12/21
"שו""ע או""ח",קצג,ג-ה,,14/02/13,16/07/17,15/12/21
"שו""ע או""ח",קצג-ד,ו-ב,,15/02/13,17/07/17,16/12/21
"שו""ע או""ח",קצד-ה,ג-ב,,16/02/13,18/07/17,17/12/21
"שו""ע או""ח",קצה-ו,ג-ב,,17/02/13,19/07/17,18/12/21
"שו""ע או""ח",קצו-ז,ג-א,,18/02/13,20/07/17,19/12/21
"שו""ע או""ח",קצז,ב-ד,,19/02/13,21/07/17,20/12/21
"שו""ע או""ח",קצח-ט,א-ב,,20/02/13,22/07/17,21/12/21
"שו""ע או""ח",קצט,ג-ה,,21/02/13,23/07/17,22/12/21
"שו""ע או""ח",קצט,ו-ח,,22/02/13,24/07/17,23/12/21
"שו""ע או""ח",קצט,ט-יא,,23/02/13,25/07/17,24/12/21
"שו""ע או""ח",ר-רא,א-א,,24/02/13,26/07/17,25/12/21
"שו""ע או""ח",רא,ב-ד,,25/02/13,27/07/17,26/12/21
"שו""ע או""ח",רב,א-ג,,26/02/13,28/07/17,27/12/21
"שו""ע או""ח",רב,ד-ו,,27/02/13,29/07/17,28/12/21
"שו""ע או""ח",רב,ז-ט,,28/02/13,30/07/17,29/12/21
"שו""ע או""ח",רב,י-יב,,01/03/13,31/07/17,30/12/21
"שו""ע או""ח",רב,יג-טו,,02/03/13,01/08/17,31/12/21
"שו""ע או""ח",רב,טז-יח,,03/03/13,02/08/17,01/01/22
"שו""ע או""ח",רג,א-ג,,04/03/13,03/08/17,02/01/22
"שו""ע או""ח",רג,ד-ו,,05/03/13,04/08/17,03/01/22
"שו""ע או""ח",רג-ד,ז-א,,06/03/13,05/08/17,04/01/22
"שו""ע או""ח",רד,ב-ד,,07/03/13,06/08/17,05/01/22
"שו""ע או""ח",רד,ה-ז,,08/03/13,07/08/17,06/01/22
"שו""ע או""ח",רד,ח-י,,09/03/13,08/08/17,07/01/22
"שו""ע או""ח",רד,יא-יג,,10/03/13,09/08/17,08/01/22
"שו""ע או""ח",רה,א-ג,,11/03/13,10/08/17,09/01/22
"שו""ע או""ח",רה-ו,ד-א,,12/03/13,11/08/17,10/01/22
"שו""ע או""ח",רו,ב-ד,,13/03/13,12/08/17,11/01/22
"שו""ע או""ח",רו-ז,ה-א,,14/03/13,13/08/17,12/01/22
"שו""ע או""ח",רח,א-ג,,15/03/13,14/08/17,13/01/22
"שו""ע או""ח",רח,ד-ו,,16/03/13,15/08/17,14/01/22
"שו""ע או""ח",רח,ז-ט,,17/03/13,16/08/17,15/01/22
"שו""ע או""ח",רח,י-יב,,18/03/13,17/08/17,16/01/22
"שו""ע או""ח",רח,יג-טו,,19/03/13,18/08/17,17/01/22
"שו""ע או""ח",רח,טז-יח,,20/03/13,19/08/17,18/01/22
"שו""ע או""ח",רט,א-ג,,21/03/13,20/08/17,19/01/22
"שו""ע או""ח",רי-א,א-א,,22/03/13,21/08/17,20/01/22
"שו""ע או""ח",ריא,ב-ד,,23/03/13,22/08/17,21/01/22
"שו""ע או""ח",ריא-ב,ה-א,,24/03/13,23/08/17,22/01/22
"שו""ע או""ח",ריב-ג,ב-ב,,25/03/13,24/08/17,23/01/22
"שו""ע או""ח",ריג-יד-טו,ג-א,,26/03/13,25/08/17,24/01/22
"שו""ע או""ח",רטו,ב-ד,,27/03/13,26/08/17,25/01/22
"שו""ע או""ח",רטז,א-ג,,28/03/13,27/08/17,26/01/22
"שו""ע או""ח",רטז,ד-ו,,29/03/13,28/08/17,27/01/22
"שו""ע או""ח",רטז,ז-ט,,30/03/13,29/08/17,28/01/22
"שו""ע או""ח",רטז,י-יב,,31/03/13,30/08/17,29/01/22
"שו""ע או""ח",רטז-יז,יג-א,,01/04/13,31/08/17,30/01/22
"שו""ע או""ח",ריז,ב-ד,,02/04/13,01/09/17,31/01/22
"שו""ע או""ח",ריז,ה-ז,,03/04/13,02/09/17,01/02/22
"שו""ע או""ח",ריז-ח,ח-ב,,04/04/13,03/09/17,02/02/22
"שו""ע או""ח",ריח,ג-ה,,05/04/13,04/09/17,03/02/22
"שו""ע או""ח",ריח,ו-ח,,06/04/13,05/09/17,04/02/22
"שו""ע או""ח",ריח-ט,ט-ב,,07/04/13,06/09/17,05/02/22
"שו""ע או""ח",ריט,ג-ה,,08/04/13,07/09/17,06/02/22
"שו""ע או""ח",ריט,ו-ח,,09/04/13,08/09/17,07/02/22
"שו""ע או""ח",ריט-כ,ט-ב,,10/04/13,09/09/17,08/02/22
"שו""ע או""ח",רכא-ב,א-א,,11/04/13,10/09/17,09/02/22
"שו""ע או""ח",רכב,ב-ד,,12/04/13,11/09/17,10/02/22
"שו""ע או""ח",רכג,א-ג,,13/04/13,12/09/17,11/02/22
"שו""ע או""ח",רכג,ד-ו,,14/04/13,13/09/17,12/02/22
"שו""ע או""ח",רכד,א-ג,,15/04/13,14/09/17,13/02/22
"שו""ע או""ח",רכד,ד-ו,,16/04/13,15/09/17,14/02/22
"שו""ע או""ח",רכד,ז-ט,,17/04/13,16/09/17,15/02/22
"שו""ע או""ח",רכד,י-יב,,18/04/13,17/09/17,16/02/22
"שו""ע או""ח",רכד-ה,יג-יב,,19/04/13,18/09/17,17/02/22
"שו""ע או""ח",רכה,ג-ה,,20/04/13,19/09/17,18/02/22
"שו""ע או""ח",רכה,ו-ח,,21/04/13,20/09/17,19/02/22
"שו""ע או""ח",רכה-ו,ט-א,,22/04/13,21/09/17,20/02/22
"שו""ע או""ח",רכז,א-ג,,23/04/13,22/09/17,21/02/22
"שו""ע או""ח",רכח,א-ג,,24/04/13,23/09/17,22/02/22
"שו""ע או""ח",רכט-ל,א-א,,25/04/13,24/09/17,23/02/22
"שו""ע או""ח",רל,ב-ד,,26/04/13,25/09/17,24/02/22
"שו""ע או""ח",רל-א-ב,ה-א,,27/04/13,26/09/17,25/02/22
"שו""ע או""ח",רלב-ג,ב-א,,28/04/13,27/09/17,26/02/22
"שו""ע או""ח",רלג-ד,ב-ב,,29/04/13,28/09/17,27/02/22
"שו""ע או""ח",רלה,א-ג,,30/04/13,29/09/17,28/02/22
"שו""ע או""ח",רלה-ו,ד-ב,,01/05/13,30/09/17,01/03/22
"שו""ע או""ח",רלו-ז,ג-א,,02/05/13,01/10/17,02/03/22
"שו""ע או""ח",רלח-ט,א-א,,03/05/13,02/10/17,03/03/22
"שו""ע או""ח",רלט-מ,ב-ב,,04/05/13,03/10/17,04/03/22
"שו""ע או""ח",רמ,ג-ה,,05/05/13,04/10/17,05/03/22
"שו""ע או""ח",רמ,ו-ח,,06/05/13,05/10/17,06/03/22
"שו""ע או""ח",רמ,ט-יא,,07/05/13,06/10/17,07/03/22
"שו""ע או""ח",רמ,יב-יד,,08/05/13,07/10/17,08/03/22
"שו""ע או""ח",רמ,טו-יז,,09/05/13,08/10/17,09/03/22
"שו""ע או""ח",רמא-ב-ג,א-א,,10/05/13,09/10/17,10/03/22
"שו""ע או""ח",רמג-ד,ב-ב,,11/05/13,10/10/17,11/03/22
"שו""ע או""ח",רמד,ג-ה,,12/05/13,11/10/17,12/03/22
"שו""ע או""ח",רמד-ה,ו-ב,,13/05/13,12/10/17,13/03/22
"שו""ע או""ח",רמה,ג-ה,,14/05/13,13/10/17,14/03/22
"שו""ע או""ח",רמה-ו,ו-ב,,15/05/13,14/10/17,15/03/22
"שו""ע או""ח",רמו,ג-ה,,16/05/13,15/10/17,16/03/22
"שו""ע או""ח",רמז,א-ג,,17/05/13,16/10/17,17/03/22
"שו""ע או""ח",רמז,ד-ו,,18/05/13,17/10/17,18/03/22
"שו""ע או""ח",רמח,א-ג,,19/05/13,18/10/17,19/03/22
"שו""ע או""ח",רמח-ט,ד-ב,,20/05/13,19/10/17,20/03/22
"שו""ע או""ח",רמט-נ,ג-א,,21/05/13,20/10/17,21/03/22
"שו""ע או""ח",רנ-א,ב-ב,,22/05/13,21/10/17,22/03/22
"שו""ע או""ח",רנב,א-ג,,23/05/13,22/10/17,23/03/22
"שו""ע או""ח",רנב,ד-ו,,24/05/13,23/10/17,24/03/22
"שו""ע או""ח",רנב-ג,ז-ב,,25/05/13,24/10/17,25/03/22
"שו""ע או""ח",רנג,ג-ה,,26/05/13,25/10/17,26/03/22
"שו""ע או""ח",רנד,א-ג,,27/05/13,26/10/17,27/03/22
"שו""ע או""ח",רנד,ד-ו,,28/05/13,27/10/17,28/03/22
"שו""ע או""ח",רנד,ז-ט,,29/05/13,28/10/17,29/03/22
"שו""ע או""ח",רנה,א-ג,,30/05/13,29/10/17,30/03/22
"שו""ע או""ח",רנו-ז,א-ב,,31/05/13,30/10/17,31/03/22
"שו""ע או""ח",רנז,ג-ה,,01/06/13,31/10/17,01/04/22
"שו""ע או""ח",רנז,ו-ח,,02/06/13,01/11/17,02/04/22
"שו""ע או""ח",רנח-ט,א-ב,,03/06/13,02/11/17,03/04/22
"שו""ע או""ח",רנט,ג-ה,,04/06/13,03/11/17,04/04/22
"שו""ע או""ח",רנט-ס,ו-א,,05/06/13,04/11/17,05/04/22
"שו""ע או""ח",רס-א,ב-ב,,06/06/13,05/11/17,06/04/22
"שו""ע או""ח",רסא-ב,ג-א,,07/06/13,06/11/17,07/04/22
"שו""ע או""ח",רסב-ג,ב-א,,08/06/13,07/11/17,08/04/22
"שו""ע או""ח",רסג,ב-ד,,09/06/13,08/11/17,09/04/22
"שו""ע או""ח",רסג,ה-ז,,10/06/13,09/11/17,10/04/22
"שו""ע או""ח",רסג,ח-י,,11/06/13,10/11/17,11/04/22
"שו""ע או""ח",רסג,יא-יג,,12/06/13,11/11/17,12/04/22
"שו""ע או""ח",רסג,יד-טז,,13/06/13,12/11/17,13/04/22
"שו""ע או""ח",רסג-ד,יז-ב,,14/06/13,13/11/17,14/04/22
"שו""ע או""ח",רסד,ג-ה,,15/06/13,14/11/17,15/04/22
"שו""ע או""ח",רסד,ו-ח,,16/06/13,15/11/17,16/04/22
"שו""ע או""ח",רסד-ה,ט-א,,17/06/13,16/11/17,17/04/22
"שו""ע או""ח",רסה,ב-ד,,18/06/13,17/11/17,18/04/22
"שו""ע או""ח",רסו,א-ג,,19/06/13,18/11/17,19/04/22
"שו""ע או""ח",רסו,ד-ו,,20/06/13,19/11/17,20/04/22
"שו""ע או""ח",רסו,ז-ט,,21/06/13,20/11/17,21/04/22
"שו""ע או""ח",רסו,י-יב,,22/06/13,21/11/17,22/04/22
"שו""ע או""ח",רסו-ז,יג-ב,,23/06/13,22/11/17,23/04/22
"שו""ע או""ח",רסז-ח,ג-ב,,24/06/13,23/11/17,24/04/22
"שו""ע או""ח",רסח,ג-ה,,25/06/13,24/11/17,25/04/22
"שו""ע או""ח",רסח,ו-ח,,26/06/13,25/11/17,26/04/22
"שו""ע או""ח",רסח,ט-יא,,27/06/13,26/11/17,27/04/22
"שו""ע או""ח",רסח-ט,יב-א,,28/06/13,27/11/17,28/04/22
"שו""ע או""ח",רע-א,א-א,,29/06/13,28/11/17,29/04/22
"שו""ע או""ח",רעא,ב-ד,,30/06/13,29/11/17,30/04/22
"שו""ע או""ח",רעא,ה-ז,,01/07/13,30/11/17,01/05/22
"שו""ע או""ח",רעא,ח-י,,02/07/13,01/12/17,02/05/22
"שו""ע או""ח",רעא,יא-יג,,03/07/13,02/12/17,03/05/22
"שו""ע או""ח",רעא,יד-טז,,04/07/13,03/12/17,04/05/22
"שו""ע או""ח",רעא-ב,יז-ב,,05/07/13,04/12/17,05/05/22
"שו""ע או""ח",רעב,ג-ה,,06/07/13,05/12/17,06/05/22
"שו""ע או""ח",רעב,ו-ח,,07/07/13,06/12/17,07/05/22
"שו""ע או""ח",רעב-ג,ט-א,,08/07/13,07/12/17,08/05/22
"שו""ע או""ח",רעג,ב-ד,,09/07/13,08/12/17,09/05/22
"שו""ע או""ח",רעג,ה-ז,,10/07/13,09/12/17,10/05/22
"שו""ע או""ח",רעד,א-ג,,11/07/13,10/12/17,11/05/22
"שו""ע או""ח",רעד-ה,ד-ב,,12/07/13,11/12/17,12/05/22
"שו""ע או""ח",רעה,ג-ה,,13/07/13,12/12/17,13/05/22
"שו""ע או""ח",רעה,ו-ח,,14/07/13,13/12/17,14/05/22
"שו""ע או""ח",רעה,ט-יא,,15/07/13,14/12/17,15/05/22
"שו""ע או""ח",רעה-ו,יב-ב,,16/07/13,15/12/17,16/05/22
"שו""ע או""ח",רעו,ג-ה,,17/07/13,16/12/17,17/05/22
"שו""ע או""ח",רעז,א-ג,,18/07/13,17/12/17,18/05/22
"שו""ע או""ח",רעז-ח,ד-א,,19/07/13,18/12/17,19/05/22
"שו""ע או""ח",רעט,א-ג,,20/07/13,19/12/17,20/05/22
"שו""ע או""ח",רעט,ד-ו,,21/07/13,20/12/17,21/05/22
"שו""ע או""ח",רעט-פ,ז-ב,,22/07/13,21/12/17,22/05/22
"שו""ע או""ח",רפא-ב,א-ב,,23/07/13,22/12/17,23/05/22
"שו""ע או""ח",רפב,ג-ה,,24/07/13,23/12/17,24/05/22
"שו""ע או""ח",רפב-ג,ו-א,,25/07/13,24/12/17,25/05/22
"שו""ע או""ח",רפד,א-ג,,26/07/13,25/12/17,26/05/22
"שו""ע או""ח",רפד,ד-ו,,27/07/13,26/12/17,27/05/22
"שו""ע או""ח",רפד-ה,ז-ב,,28/07/13,27/12/17,28/05/22
"שו""ע או""ח",רפה,ג-ה,,29/07/13,28/12/17,29/05/22
"שו""ע או""ח",רפה-ו,ו-א,,30/07/13,29/12/17,30/05/22
"שו""ע או""ח",רפו,ב-ד,,31/07/13,30/12/17,31/05/22
"שו""ע או""ח",רפו-ז-ח,ה-א,,01/08/13,31/12/17,01/06/22
"שו""ע או""ח",רפח,ב-ד,,02/08/13,01/01/18,02/06/22
"שו""ע או""ח",רפח,ה-ז,,03/08/13,02/01/18,03/06/22
"שו""ע או""ח",רפח,ח-י,,04/08/13,03/01/18,04/06/22
"שו""ע או""ח",רפט-צ,א-א,,05/08/13,04/01/18,05/06/22
"שו""ע או""ח",רצ-א,ב-ב,,06/08/13,05/01/18,06/06/22
"שו""ע או""ח",רצא,ג-ה,,07/08/13,06/01/18,07/06/22
"שו""ע או""ח",רצא-ב,ו-ב,,08/08/13,07/01/18,08/06/22
"שו""ע או""ח",רצג,א-ג,,09/08/13,08/01/18,09/06/22
"שו""ע או""ח",רצד,א-ג,,10/08/13,09/01/18,10/06/22
"שו""ע או""ח",רצד-ה,ד-א,,11/08/13,10/01/18,11/06/22
"שו""ע או""ח",רצו,א-ג,,12/08/13,11/01/18,12/06/22
"שו""ע או""ח",רצו,ד-ו,,13/08/13,12/01/18,13/06/22
"שו""ע או""ח",רצו-ז,ז-א,,14/08/13,13/01/18,14/06/22
"שו""ע או""ח",רצז,ב-ד,,15/08/13,14/01/18,15/06/22
"שו""ע או""ח",רצז-ח,ה-ב,,16/08/13,15/01/18,16/06/22
"שו""ע או""ח",רצח,ג-ה,,17/08/13,16/01/18,17/06/22
"שו""ע או""ח",רצח,ו-ח,,18/08/13,17/01/18,18/06/22
"שו""ע או""ח",רצח,ט-יא,,19/08/13,18/01/18,19/06/22
"שו""ע או""ח",רצח,יב-יד,,20/08/13,19/01/18,20/06/22
"שו""ע או""ח",רצח-ט,טו-ב,,21/08/13,20/01/18,21/06/22
"שו""ע או""ח",רצט,ג-ה,,22/08/13,21/01/18,22/06/22
"שו""ע או""ח",רצט,ו-ח,,23/08/13,22/01/18,23/06/22
"שו""ע או""ח",רצט-ש,ט-א,,24/08/13,23/01/18,24/06/22
"שו""ע או""ח",שא,א-ג,,25/08/13,24/01/18,25/06/22
"שו""ע או""ח",שא,ד-ו,,26/08/13,25/01/18,26/06/22
"שו""ע או""ח",שא,ז-ט,,27/08/13,26/01/18,27/06/22
"שו""ע או""ח",שא,י-יב,,28/08/13,27/01/18,28/06/22
"שו""ע או""ח",שא,יג-טו,,29/08/13,28/01/18,29/06/22
"שו""ע או""ח",שא,טז-יח,,30/08/13,29/01/18,30/06/22
"שו""ע או""ח",שא,יט-כא,,31/08/13,30/01/18,01/07/22
"שו""ע או""ח",שא,כב-כד,,01/09/13,31/01/18,02/07/22
"שו""ע או""ח",שא,כה-כז,,02/09/13,01/02/18,03/07/22
"שו""ע או""ח",שא,כח-ל,,03/09/13,02/02/18,04/07/22
"שו""ע או""ח",שא,לא-לג,,04/09/13,03/02/18,05/07/22
"שו""ע או""ח",שא,לד-לו,,05/09/13,04/02/18,06/07/22
"שו""ע או""ח",שא,לז-לט,,06/09/13,05/02/18,07/07/22
"שו""ע או""ח",שא,מ-מב,,07/09/13,06/02/18,08/07/22
"שו""ע או""ח",שא,מג-מה,,08/09/13,07/02/18,09/07/22
"שו""ע או""ח",שא,מו-מח,,09/09/13,08/02/18,10/07/22
"שו""ע או""ח",שא,מט-נא,,10/09/13,09/02/18,11/07/22
"שו""ע או""ח",שב,א-ג,,11/09/13,10/02/18,12/07/22
"שו""ע או""ח",שב,ד-ו,,12/09/13,11/02/18,13/07/22
"שו""ע או""ח",שב,ז-ט,,13/09/13,12/02/18,14/07/22
"שו""ע או""ח",שב,י-יב,,14/09/13,13/02/18,15/07/22
"שו""ע או""ח",שב-ג,יג-ב,,15/09/13,14/02/18,16/07/22
"שו""ע או""ח",שג,ג-ה,,16/09/13,15/02/18,17/07/22
"שו""ע או""ח",שג,ו-ח,,17/09/13,16/02/18,18/07/22
"שו""ע או""ח",שג,ט-יא,,18/09/13,17/02/18,19/07/22
"שו""ע או""ח",שג,יב-יד,,19/09/13,18/02/18,20/07/22
"שו""ע או""ח",שג,טו-יז,,20/09/13,19/02/18,21/07/22
"שו""ע או""ח",שג,יח-כ,,21/09/13,20/02/18,22/07/22
"שו""ע או""ח",שג,כא-כג,,22/09/13,21/02/18,23/07/22
"שו""ע או""ח",שג,כד-כו,,23/09/13,22/02/18,24/07/22
"שו""ע או""ח",שג-ד,כז-ב,,24/09/13,23/02/18,25/07/22
"שו""ע או""ח",שד-ה,ג-ב,,25/09/13,24/02/18,26/07/22
"שו""ע או""ח",שה,ג-ה,,26/09/13,25/02/18,27/07/22
"שו""ע או""ח",שה,ו-ח,,27/09/13,26/02/18,28/07/22
"שו""ע או""ח",שה,ט-יא,,28/09/13,27/02/18,29/07/22
"שו""ע או""ח",שה,יב-יד,,29/09/13,28/02/18,30/07/22
"שו""ע או""ח",שה,טו-יז,,30/09/13,01/03/18,31/07/22
"שו""ע או""ח",שה,יח-כ,,01/10/13,02/03/18,01/08/22
"שו""ע או""ח",שה,כא-כג,,02/10/13,03/03/18,02/08/22
"שו""ע או""ח",שו,א-ג,,03/10/13,04/03/18,03/08/22
"שו""ע או""ח",שו,ד-ו,,04/10/13,05/03/18,04/08/22
"שו""ע או""ח",שו,ז-ט,,05/10/13,06/03/18,05/08/22
"שו""ע או""ח",שו,י-יב,,06/10/13,07/03/18,06/08/22
"שו""ע או""ח",שו-ז,יג-א,,07/10/13,08/03/18,07/08/22
"שו""ע או""ח",שז,ב-ד,,08/10/13,09/03/18,08/08/22
"שו""ע או""ח",שז,ה-ז,,09/10/13,10/03/18,09/08/22
"שו""ע או""ח",שז,ח-י,,10/10/13,11/03/18,10/08/22
"שו""ע או""ח",שז,יא-יג,,11/10/13,12/03/18,11/08/22
"שו""ע או""ח",שז,יד-טז,,12/10/13,13/03/18,12/08/22
"שו""ע או""ח",שז,יז-יט,,13/10/13,14/03/18,13/08/22
"שו""ע או""ח",שז,כ-כב,,14/10/13,15/03/18,14/08/22
"שו""ע או""ח",שח,א-ג,,15/10/13,16/03/18,15/08/22
"שו""ע או""ח",שח,ד-ו,,16/10/13,17/03/18,16/08/22
"שו""ע או""ח",שח,ז-ט,,17/10/13,18/03/18,17/08/22
"שו""ע או""ח",שח,י-יב,,18/10/13,19/03/18,18/08/22
"שו""ע או""ח",שח,יג-טו,,19/10/13,20/03/18,19/08/22
"שו""ע או""ח",שח,טז-יח,,20/10/13,21/03/18,20/08/22
"שו""ע או""ח",שח,יט-כא,,21/10/13,22/03/18,21/08/22
"שו""ע או""ח",שח,כב-כד,,22/10/13,23/03/18,22/08/22
"שו""ע או""ח",שח,כה-כז,,23/10/13,24/03/18,23/08/22
"שו""ע או""ח",שח,כח-ל,,24/10/13,25/03/18,24/08/22
"שו""ע או""ח",שח,לא-לג,,25/10/13,26/03/18,25/08/22
"שו""ע או""ח",שח,לד-לו,,26/10/13,27/03/18,26/08/22
"שו""ע או""ח",שח,לז-לט,,27/10/13,28/03/18,27/08/22
"שו""ע או""ח",שח,מ-מב,,28/10/13,29/03/18,28/08/22
"שו""ע או""ח",שח,מג-מה,,29/10/13,30/03/18,29/08/22
"שו""ע או""ח",שח,מו-מח,,30/10/13,31/03/18,30/08/22
"שו""ע או""ח",שח,מט-נא,,31/10/13,01/04/18,31/08/22
"שו""ע או""ח",שח-ט,נב-ב,,01/11/13,02/04/18,01/09/22
"שו""ע או""ח",שט,ג-ה,,02/11/13,03/04/18,02/09/22
"שו""ע או""ח",שי,א-ג,,03/11/13,04/04/18,03/09/22
"שו""ע או""ח",שי,ד-ו,,04/11/13,05/04/18,04/09/22
"שו""ע או""ח",שי,ז-ט,,05/11/13,06/04/18,05/09/22
"שו""ע או""ח",שיא,א-ג,,06/11/13,07/04/18,06/09/22
"שו""ע או""ח",שיא,ד-ו,,07/11/13,08/04/18,07/09/22
"שו""ע או""ח",שיא,ז-ט,,08/11/13,09/04/18,08/09/22
"שו""ע או""ח",שיב,א-ג,,09/11/13,10/04/18,09/09/22
"שו""ע או""ח",שיב,ד-ו,,10/11/13,11/04/18,10/09/22
"שו""ע או""ח",שיב,ז-ט,,11/11/13,12/04/18,11/09/22
"שו""ע או""ח",שיב-ג,י-ב,,12/11/13,13/04/18,12/09/22
"שו""ע או""ח",שיג,ג-ה,,13/11/13,14/04/18,13/09/22
"שו""ע או""ח",שיג,ו-ח,,14/11/13,15/04/18,14/09/22
"שו""ע או""ח",שיג-ד,ט-א,,15/11/13,16/04/18,15/09/22
"שו""ע או""ח",שיד,ב-ד,,16/11/13,17/04/18,16/09/22
"שו""ע או""ח",שיד,ה-ז,,17/11/13,18/04/18,17/09/22
"שו""ע או""ח",שיד,ח-י,,18/11/13,19/04/18,18/09/22
"שו""ע או""ח",שיד-טו,יא-א,,19/11/13,20/04/18,19/09/22
"שו""ע או""ח",שטו,ב-ד,,20/11/13,21/04/18,20/09/22
"שו""ע או""ח",שטו,ה-ז,,21/11/13,22/04/18,21/09/22
"שו""ע או""ח",שטו,ח-י,,22/11/13,23/04/18,22/09/22
"שו""ע או""ח",שטו,יא-יג,,23/11/13,24/04/18,23/09/22
"שו""ע או""ח",שטז,א-ג,,24/11/13,25/04/18,24/09/22
"שו""ע או""ח",שטז,ד-ו,,25/11/13,26/04/18,25/09/22
"שו""ע או""ח",שטז,ז-ט,,26/11/13,27/04/18,26/09/22
"שו""ע או""ח",שטז,י-יב,,27/11/13,28/04/18,27/09/22
"שו""ע או""ח",שיז,א-ג,,28/11/13,29/04/18,28/09/22
"שו""ע או""ח",שיז,ד-ו,,29/11/13,30/04/18,29/09/22
"שו""ע או""ח",שיז-ח,ז-ב,,30/11/13,01/05/18,30/09/22
"שו""ע או""ח",שיח,ג-ה,,01/12/13,02/05/18,01/10/22
"שו""ע או""ח",שיח,ו-ח,,02/12/13,03/05/18,02/10/22
"שו""ע או""ח",שיח,ט-יא,,03/12/13,04/05/18,03/10/22
"שו""ע או""ח",שיח,יב-יד,,04/12/13,05/05/18,04/10/22
"שו""ע או""ח",שיח,טו-יז,,05/12/13,06/05/18,05/10/22
"שו""ע או""ח",שיח-ט,יח-א,,06/12/13,07/05/18,06/10/22
"שו""ע או""ח",שיט,ב-ד,,07/12/13,08/05/18,07/10/22
"שו""ע או""ח",שיט,ה-ז,,08/12/13,09/05/18,08/10/22
"שו""ע או""ח",שיט,ח-י,,09/12/13,10/05/18,09/10/22
"שו""ע או""ח",שיט,יא-יג,,10/12/13,11/05/18,10/10/22
"שו""ע או""ח",שיט,יד-טז,,11/12/13,12/05/18,11/10/22
"שו""ע או""ח",שיט-כ,יז-ב,,12/12/13,13/05/18,12/10/22
"שו""ע או""ח",שכ,ג-ה,,13/12/13,14/05/18,13/10/22
"שו""ע או""ח",שכ,ו-ח,,14/12/13,15/05/18,14/10/22
"שו""ע או""ח",שכ,ט-יא,,15/12/13,16/05/18,15/10/22
"שו""ע או""ח",שכ,יב-יד,,16/12/13,17/05/18,16/10/22
"שו""ע או""ח",שכ,טו-יז,,17/12/13,18/05/18,17/10/22
"שו""ע או""ח",שכ,יח-כ,,18/12/13,19/05/18,18/10/22
"שו""ע או""ח",שכא,א-ג,,19/12/13,20/05/18,19/10/22
"שו""ע או""ח",שכא,ד-ו,,20/12/13,21/05/18,20/10/22
"שו""ע או""ח",שכא,ז-ט,,21/12/13,22/05/18,21/10/22
"שו""ע או""ח",שכא,י-יב,,22/12/13,23/05/18,22/10/22
"שו""ע או""ח",שכא,יג-טו,,23/12/13,24/05/18,23/10/22
"שו""ע או""ח",שכא,טז-יח,,24/12/13,25/05/18,24/10/22
"שו""ע או""ח",שכא-ב,יט-ב,,25/12/13,26/05/18,25/10/22
"שו""ע או""ח",שכב,ג-ה,,26/12/13,27/05/18,26/10/22
"שו""ע או""ח",שכב-ג,ו-ב,,27/12/13,28/05/18,27/10/22
"שו""ע או""ח",שכג,ג-ה,,28/12/13,29/05/18,28/10/22
"שו""ע או""ח",שכג,ו-ח,,29/12/13,30/05/18,29/10/22
"שו""ע או""ח",שכג-ד,ט-א,,30/12/13,31/05/18,30/10/22
"שו""ע או""ח",שכד,ב-ד,,31/12/13,01/06/18,31/10/22
"שו""ע או""ח",שכד,ה-ז,,01/01/14,02/06/18,01/11/22
"שו""ע או""ח",שכד,ח-י,,02/01/14,03/06/18,02/11/22
"שו""ע או""ח",שכד,יא-יג,,03/01/14,04/06/18,03/11/22
"שו""ע או""ח",שכד-ה,יד-א,,04/01/14,05/06/18,04/11/22
"שו""ע או""ח",שכה,ב-ד,,05/01/14,06/06/18,05/11/22
"שו""ע או""ח",שכה,ה-ז,,06/01/14,07/06/18,06/11/22
"שו""ע או""ח",שכה,ח-י,,07/01/14,08/06/18,07/11/22
"שו""ע או""ח",שכה,יא-יג,,08/01/14,09/06/18,08/11/22
"שו""ע או""ח",שכה,יד-טז,,09/01/14,10/06/18,09/11/22
"שו""ע או""ח",שכו,א-ג,,10/01/14,11/06/18,10/11/22
"שו""ע או""ח",שכו,ד-ו,,11/01/14,12/06/18,11/11/22
"שו""ע או""ח",שכו,ז-ט,,12/01/14,13/06/18,12/11/22
"שו""ע או""ח",שכו,י-יב,,13/01/14,14/06/18,13/11/22
"שו""ע או""ח",שכו-ז,יג-ב,,14/01/14,15/06/18,14/11/22
"שו""ע או""ח",שכז-ח,ג-א,,15/01/14,16/06/18,15/11/22
"שו""ע או""ח",שכח,ב-ד,,16/01/14,17/06/18,16/11/22
"שו""ע או""ח",שכח,ה-ז,,17/01/14,18/06/18,17/11/22
"שו""ע או""ח",שכח,ח-י,,18/01/14,19/06/18,18/11/22
"שו""ע או""ח",שכח,יא-יג,,19/01/14,20/06/18,19/11/22
"שו""ע או""ח",שכח,יד-טז,,20/01/14,21/06/18,20/11/22
"שו""ע או""ח",שכח,יז-יט,,21/01/14,22/06/18,21/11/22
"שו""ע או""ח",שכח,כ-כב,,22/01/14,23/06/18,22/11/22
"שו""ע או""ח",שכח,כג-כה,,23/01/14,24/06/18,23/11/22
"שו""ע או""ח",שכח,כו-כח,,24/01/14,25/06/18,24/11/22
"שו""ע או""ח",שכח,כט-לא,,25/01/14,26/06/18,25/11/22
"שו""ע או""ח",שכח,לב-לד,,26/01/14,27/06/18,26/11/22
"שו""ע או""ח",שכח,לה-לז,,27/01/14,28/06/18,27/11/22
"שו""ע או""ח",שכח,לח-מ,,28/01/14,29/06/18,28/11/22
"שו""ע או""ח",שכח,מא-מג,,29/01/14,30/06/18,29/11/22
"שו""ע או""ח",שכח,מד-מו,,30/01/14,01/07/18,30/11/22
"שו""ע או""ח",שכח,מז-מט,,31/01/14,02/07/18,01/12/22
"שו""ע או""ח",שכט,א-ג,,01/02/14,03/07/18,02/12/22
"שו""ע או""ח",שכט,ד-ו,,02/02/14,04/07/18,03/12/22
"שו""ע או""ח",שכט,ז-ט,,03/02/14,05/07/18,04/12/22
"שו""ע או""ח",של,א-ג,,04/02/14,06/07/18,05/12/22
"שו""ע או""ח",של,ד-ו,,05/02/14,07/07/18,06/12/22
"שו""ע או""ח",של,ז-ט,,06/02/14,08/07/18,07/12/22
"שו""ע או""ח",של-א,י-א,,07/02/14,09/07/18,08/12/22
"שו""ע או""ח",שלא,ב-ד,,08/02/14,10/07/18,09/12/22
"שו""ע או""ח",שלא,ה-ז,,09/02/14,11/07/18,10/12/22
"שו""ע או""ח",שלא,ח-י,,10/02/14,12/07/18,11/12/22
"שו""ע או""ח",שלב,א-ג,,11/02/14,13/07/18,12/12/22
"שו""ע או""ח",שלב-ג,ד-ב,,12/02/14,14/07/18,13/12/22
"שו""ע או""ח",שלג-ד,ג-ב,,13/02/14,15/07/18,14/12/22
"שו""ע או""ח",שלד,ג-ה,,14/02/14,16/07/18,15/12/22
"שו""ע או""ח",שלד,ו-ח,,15/02/14,17/07/18,16/12/22
"שו""ע או""ח",שלד,ט-יא,,16/02/14,18/07/18,17/12/22
"שו""ע או""ח",שלד,יב-יד,,17/02/14,19/07/18,18/12/22
"שו""ע או""ח",שלד,טו-יז,,18/02/14,20/07/18,19/12/22
"שו""ע או""ח",שלד,יח-כ,,19/02/14,21/07/18,20/12/22
"שו""ע או""ח",שלד,כא-כג,,20/02/14,22/07/18,21/12/22
"שו""ע או""ח",שלד,כד-כו,,21/02/14,23/07/18,22/12/22
"שו""ע או""ח",שלד-ה,כ-זב,,22/02/14,24/07/18,23/12/22
"שו""ע או""ח",שלה,ג-ה,,23/02/14,25/07/18,24/12/22
"שו""ע או""ח",שלו,א-ג,,24/02/14,26/07/18,25/12/22
"שו""ע או""ח",שלו,ד-ו,,25/02/14,27/07/18,26/12/22
"שו""ע או""ח",שלו,ז-ט,,26/02/14,28/07/18,27/12/22
"שו""ע או""ח",שלו,י-יב,,27/02/14,29/07/18,28/12/22
"שו""ע או""ח",שלו-ז,יג-ב,,28/02/14,30/07/18,29/12/22
"שו""ע או""ח",שלז-ח,ג-א,,01/03/14,31/07/18,30/12/22
"שו""ע או""ח",שלח,ב-ד,,02/03/14,01/08/18,31/12/22
"שו""ע או""ח",שלח,ה-ז,,03/03/14,02/08/18,01/01/23
"שו""ע או""ח",שלח-ט,ח-ב,,04/03/14,03/08/18,02/01/23
"שו""ע או""ח",שלט,ג-ה,,05/03/14,04/08/18,03/01/23
"שו""ע או""ח",שלט-מ,ו-א,,06/03/14,05/08/18,04/01/23
"שו""ע או""ח",שמ,ב-ד,,07/03/14,06/08/18,05/01/23
"שו""ע או""ח",שמ,ה-ז,,08/03/14,07/08/18,06/01/23
"שו""ע או""ח",שמ,ח-י,,09/03/14,08/08/18,07/01/23
"שו""ע או""ח",שמ,יא-יב,,10/03/14,09/08/18,08/01/23
"שו""ע או""ח",שמ-א,יד-ב,,11/03/14,10/08/18,09/01/23
"שו""ע או""ח",שמא-ב-ג,ג-א,,12/03/14,11/08/18,10/01/23
"שו""ע או""ח",שמד-ה,א-א,,13/03/14,12/08/18,11/01/23
"שו""ע או""ח",שמה,ב-ד,,14/03/14,13/08/18,12/01/23
"שו""ע או""ח",שמה,ה-ז,,15/03/14,14/08/18,13/01/23
"שו""ע או""ח",שמה,ח-י,,16/03/14,15/08/18,14/01/23
"שו""ע או""ח",שמה,יא-יג,,17/03/14,16/08/18,15/01/23
"שו""ע או""ח",שמה,יד-טז,,18/03/14,17/08/18,16/01/23
"שו""ע או""ח",שמה,יז-יט,,19/03/14,18/08/18,17/01/23
"שו""ע או""ח",שמו,א-ג,,20/03/14,19/08/18,18/01/23
"שו""ע או""ח",שמז-ח-ט,א-א,,21/03/14,20/08/18,19/01/23
"שו""ע או""ח",שמט,ב-ד,,22/03/14,21/08/18,20/01/23
"שו""ע או""ח",שמט-נ,ה-ב,,23/03/14,22/08/18,21/01/23
"שו""ע או""ח",שנ-א-ב,ג-א,,24/03/14,23/08/18,22/01/23
"שו""ע או""ח",שנב-ג,ב-ב,,25/03/14,24/08/18,23/01/23
"שו""ע או""ח",שנג-ד,ג-ב,,26/03/14,25/08/18,24/01/23
"שו""ע או""ח",שנה,א-ג,,27/03/14,26/08/18,25/01/23
"שו""ע או""ח",שנה-ו,ד-א,,28/03/14,27/08/18,26/01/23
"שו""ע או""ח",שנו-ז,ב-ב,,29/03/14,28/08/18,27/01/23
"שו""ע או""ח",שנז-ח,ג-ב,,30/03/14,29/08/18,28/01/23
"שו""ע או""ח",שנח,ג-ה,,31/03/14,30/08/18,29/01/23
"שו""ע או""ח",שנח,ו-ח,,01/04/14,31/08/18,30/01/23
"שו""ע או""ח",שנח,ט-יא,,02/04/14,01/09/18,31/01/23
"שו""ע או""ח",שנח,יב-יד,,03/04/14,02/09/18,01/02/23
"שו""ע או""ח",שנט-ס,א-ב,,04/04/14,03/09/18,02/02/23
"שו""ע או""ח",שס-א,ג-ב,,05/04/14,04/09/18,03/02/23
"שו""ע או""ח",שסב,א-ג,,06/04/14,05/09/18,04/02/23
"שו""ע או""ח",שסב,ד-ו,,07/04/14,06/09/18,05/02/23
"שו""ע או""ח",שסב,ז-ט,,08/04/14,07/09/18,06/02/23
"שו""ע או""ח",שסב,י-יב,,09/04/14,08/09/18,07/02/23
"שו""ע או""ח",שסג,א-ג,,10/04/14,09/09/18,08/02/23
"שו""ע או""ח",שסג,ד-ו,,11/04/14,10/09/18,09/02/23
"שו""ע או""ח",שסג,ז-ט,,12/04/14,11/09/18,10/02/23
"שו""ע או""ח",שסג,י-יב,,13/04/14,12/09/18,11/02/23
"שו""ע או""ח",שסג,יג-טו,,14/04/14,13/09/18,12/02/23
"שו""ע או""ח",שסג,טז-יח,,15/04/14,14/09/18,13/02/23
"שו""ע או""ח",שסג,יט-כא,,16/04/14,15/09/18,14/02/23
"שו""ע או""ח",שסג,כב-כד,,17/04/14,16/09/18,15/02/23
"שו""ע או""ח",שסג,כה-כז,,18/04/14,17/09/18,16/02/23
"שו""ע או""ח",שסג,כח-ל,,19/04/14,18/09/18,17/02/23
"שו""ע או""ח",שסג,לא-לג,,20/04/14,19/09/18,18/02/23
"שו""ע או""ח",שסג,לד-לו,,21/04/14,20/09/18,19/02/23
"שו""ע או""ח",שסד,א-ג,,22/04/14,21/09/18,20/02/23
"שו""ע או""ח",שסד-ה,ד-א,,23/04/14,22/09/18,21/02/23
"שו""ע או""ח",שסה,ב-ד,,24/04/14,23/09/18,22/02/23
"שו""ע או""ח",שסה,ה-ז,,25/04/14,24/09/18,23/02/23
"שו""ע או""ח",שסה-ו,ח-ב,,26/04/14,25/09/18,24/02/23
"שו""ע או""ח",שסו,ג-ה,,27/04/14,26/09/18,25/02/23
"שו""ע או""ח",שסו,ו-ח,,28/04/14,27/09/18,26/02/23
"שו""ע או""ח",שסו,ט-יא,,29/04/14,28/09/18,27/02/23
"שו""ע או""ח",שסו,יב-יד,,30/04/14,29/09/18,28/02/23
"שו""ע או""ח",שסו-ז-ח,טו-א,,01/05/14,30/09/18,01/03/23
"שו""ע או""ח",שסח,ב-ד,,02/05/14,01/10/18,02/03/23
"שו""ע או""ח",שסח-ט-ע,ה-א,,03/05/14,02/10/18,03/03/23
"שו""ע או""ח",שע,ב-ד,,04/05/14,03/10/18,04/03/23
"שו""ע או""ח",שע,ה-ז,,05/05/14,04/10/18,05/03/23
"שו""ע או""ח",שע-א,ח-ב,,06/05/14,05/10/18,06/03/23
"שו""ע או""ח",שעא,ג-ה,,07/05/14,06/10/18,07/03/23
"שו""ע או""ח",שעא-ב,ו-ב,,08/05/14,07/10/18,08/03/23
"שו""ע או""ח",שעב,ג-ה,,09/05/14,08/10/18,09/03/23
"שו""ע או""ח",שעב,ו-ח,,10/05/14,09/10/18,10/03/23
"שו""ע או""ח",שעב,ט-יא,,11/05/14,10/10/18,11/03/23
"שו""ע או""ח",שעב,יב-יד,,12/05/14,11/10/18,12/03/23
"שו""ע או""ח",שעב,טו-יז,,13/05/14,12/10/18,13/03/23
"שו""ע או""ח",שעב-ג,יח-א,,14/05/14,13/10/18,14/03/23
"שו""ע או""ח",שעד,א-ג,,15/05/14,14/10/18,15/03/23
"שו""ע או""ח",שעד-ה,ד-ב,,16/05/14,15/10/18,16/03/23
"שו""ע או""ח",שעה-ו,ג-א,,17/05/14,16/10/18,17/03/23
"שו""ע או""ח",שעו,ב-ד,,18/05/14,17/10/18,18/03/23
"שו""ע או""ח",שעז-ח,א-ב,,19/05/14,18/10/18,19/03/23
"שו""ע או""ח",שעח,ג-ה,,20/05/14,19/10/18,20/03/23
"שו""ע או""ח",שעט-פ,א-א,,21/05/14,20/10/18,21/03/23
"שו""ע או""ח",שפ,ב-ד,,22/05/14,21/10/18,22/03/23
"שו""ע או""ח",שפא,א-ג,,23/05/14,22/10/18,23/03/23
"שו""ע או""ח",שפא,ד-ו,,24/05/14,23/10/18,24/03/23
"שו""ע או""ח",שפא-ב,ז-ב,,25/05/14,24/10/18,25/03/23
"שו""ע או""ח",שפב,ג-ה,,26/05/14,25/10/18,26/03/23
"שו""ע או""ח",שפב,ו-ח,,27/05/14,26/10/18,27/03/23
"שו""ע או""ח",שפב,ט-יא,,28/05/14,27/10/18,28/03/23
"שו""ע או""ח",שפב,יב-יד,,29/05/14,28/10/18,29/03/23
"שו""ע או""ח",שפב,טו-יז,,30/05/14,29/10/18,30/03/23
"שו""ע או""ח",שפב,יח-כ,,31/05/14,30/10/18,31/03/23
"שו""ע או""ח",שפג-ד,א-ב,,01/06/14,31/10/18,01/04/23
"שו""ע או""ח",שפה,א-ג,,02/06/14,01/11/18,02/04/23
"שו""ע או""ח",שפה-ו,ד-ב,,03/06/14,02/11/18,03/04/23
"שו""ע או""ח",שפו,ג-ה,,04/06/14,03/11/18,04/04/23
"שו""ע או""ח",שפו,ו-ח,,05/06/14,04/11/18,05/04/23
"שו""ע או""ח",שפו-ז-ח,ט-א,,06/06/14,05/11/18,06/04/23
"שו""ע או""ח",שפט-צ,א-ב,,07/06/14,06/11/18,07/04/23
"שו""ע או""ח",שצא-ב,א-א,,08/06/14,07/11/18,08/04/23
"שו""ע או""ח",שצב,ב-ד,,09/06/14,08/11/18,09/04/23
"שו""ע או""ח",שצב,ה-ז,,10/06/14,09/11/18,10/04/23
"שו""ע או""ח",שצב-ג,ח-ב,,11/06/14,10/11/18,11/04/23
"שו""ע או""ח",שצג-ד,ג-ב,,12/06/14,11/11/18,12/04/23
"שו""ע או""ח",שצד-ה-ו,ג-א,,13/06/14,12/11/18,13/04/23
"שו""ע או""ח",שצו-ז,ב-ב,,14/06/14,13/11/18,14/04/23
"שו""ע או""ח",שצז,ג-ה,,15/06/14,14/11/18,15/04/23
"שו""ע או""ח",שצז,ו-ח,,16/06/14,15/11/18,16/04/23
"שו""ע או""ח",שצז,ט-יא,,17/06/14,16/11/18,17/04/23
"שו""ע או""ח",שצז,יב-יד,,18/06/14,17/11/18,18/04/23
"שו""ע או""ח",שצז,טו-יז,,19/06/14,18/11/18,19/04/23
"שו""ע או""ח",שצז-ח,יח-ב,,20/06/14,19/11/18,20/04/23
"שו""ע או""ח",שצח,ג-ה,,21/06/14,20/11/18,21/04/23
"שו""ע או""ח",שצח,ו-ח,,22/06/14,21/11/18,22/04/23
"שו""ע או""ח",שצח,ט-יא,,23/06/14,22/11/18,23/04/23
"שו""ע או""ח",שצט,א-ג,,24/06/14,23/11/18,24/04/23
"שו""ע או""ח",שצט,ד-ו,,25/06/14,24/11/18,25/04/23
"שו""ע או""ח",שצט,ז-ט,,26/06/14,25/11/18,26/04/23
"שו""ע או""ח",שצט-ת,י-א,,27/06/14,26/11/18,27/04/23
"שו""ע או""ח",תא-ב-ג,א-א,,28/06/14,27/11/18,28/04/23
"שו""ע או""ח",תד-ה,א-ב,,29/06/14,28/11/18,29/04/23
"שו""ע או""ח",תה,ג-ה,,30/06/14,29/11/18,30/04/23
"שו""ע או""ח",תה,ו-ח,,01/07/14,30/11/18,01/05/23
"שו""ע או""ח",תה-ו-ז,ט-א,,02/07/14,01/12/18,02/05/23
"שו""ע או""ח",תז-ח,ב-א,,03/07/14,02/12/18,03/05/23
"שו""ע או""ח",תח,ב-ד,,04/07/14,03/12/18,04/05/23
"שו""ע או""ח",תט,א-ג,,05/07/14,04/12/18,05/05/23
"שו""ע או""ח",תט,ד-ו,,06/07/14,05/12/18,06/05/23
"שו""ע או""ח",תט,ז-ט,,07/07/14,06/12/18,07/05/23
"שו""ע או""ח",תט,י-יב,,08/07/14,07/12/18,08/05/23
"שו""ע או""ח",תט-י,יג-ב,,09/07/14,08/12/18,09/05/23
"שו""ע או""ח",תי-א-ב,ג-א,,10/07/14,09/12/18,10/05/23
"שו""ע או""ח",תיג-ד,א-ב,,11/07/14,10/12/18,11/05/23
"שו""ע או""ח",תטו,א-ג,,12/07/14,11/12/18,12/05/23
"שו""ע או""ח",תטו-ז,ד-ב,,13/07/14,12/12/18,13/05/23
"שו""ע או""ח",תטז,ג-ה,,14/07/14,13/12/18,14/05/23
"שו""ע או""ח",תיז-ח,א-ב,,15/07/14,14/12/18,15/05/23
"שו""ע או""ח",תיח,ג-ה,,16/07/14,15/12/18,16/05/23
"שו""ע או""ח",תיט-כ,א-ב,,17/07/14,16/12/18,17/05/23
"שו""ע או""ח",תכא-ב,א-ב,,18/07/14,17/12/18,18/05/23
"שו""ע או""ח",תכב,ג-ה,,19/07/14,18/12/18,19/05/23
"שו""ע או""ח",תכב-ג,ו-א,,20/07/14,19/12/18,20/05/23
"שו""ע או""ח",תכג,ב-ד,,21/07/14,20/12/18,21/05/23
"שו""ע או""ח",תכד-ה,א-ב,,22/07/14,21/12/18,22/05/23
"שו""ע או""ח",תכה-ו,ג-ב,,23/07/14,22/12/18,23/05/23
"שו""ע או""ח",תכו-ז,ג-א,,24/07/14,23/12/18,24/05/23
"שו""ע או""ח",תכח,א-ג,,25/07/14,24/12/18,25/05/23
"שו""ע או""ח",תכח,ד-ו,,26/07/14,25/12/18,26/05/23
"שו""ע או""ח",תכח-ט,ז-א,,27/07/14,26/12/18,27/05/23
"שו""ע או""ח",תכט-ל-א,ב-א,,28/07/14,27/12/18,28/05/23
"שו""ע או""ח",תלא-ב,ב-ב,,29/07/14,28/12/18,29/05/23
"שו""ע או""ח",תלג,א-ג,,30/07/14,29/12/18,30/05/23
"שו""ע או""ח",תלג,ד-ו,,31/07/14,30/12/18,31/05/23
"שו""ע או""ח",תלג,ז-ט,,01/08/14,31/12/18,01/06/23
"שו""ע או""ח",תלג-ד,י-א,,02/08/14,01/01/19,02/06/23
"שו""ע או""ח",תלד,ב-ד,,03/08/14,02/01/19,03/06/23
"שו""ע או""ח",תלה-ו,א-ב,,04/08/14,03/01/19,04/06/23
"שו""ע או""ח",תלו-ז,ג-ב,,05/08/14,04/01/19,05/06/23
"שו""ע או""ח",תלז-ח,ג-א,,06/08/14,05/01/19,06/06/23
"שו""ע או""ח",תלח-ט,ב-ב,,07/08/14,06/01/19,07/06/23
"שו""ע או""ח",תלט-מ,ג-א,,08/08/14,07/01/19,08/06/23
"שו""ע או""ח",תמ,ב-ד,,09/08/14,08/01/19,09/06/23
"שו""ע או""ח",תמא-ב,א-א,,10/08/14,09/01/19,10/06/23
"שו""ע או""ח",תמב,ב-ד,,11/08/14,10/01/19,11/06/23
"שו""ע או""ח",תמב,ה-ז,,12/08/14,11/01/19,12/06/23
"שו""ע או""ח",תמב,ח-י,,13/08/14,12/01/19,13/06/23
"שו""ע או""ח",תמב-ג,יא-ב,,14/08/14,13/01/19,14/06/23
"שו""ע או""ח",תמג-ד,ג-ב,,15/08/14,14/01/19,15/06/23
"שו""ע או""ח",תמד,ג-ה,,16/08/14,15/01/19,16/06/23
"שו""ע או""ח",תמד,ו-ח,,17/08/14,16/01/19,17/06/23
"שו""ע או""ח",תמה,א-ג,,18/08/14,17/01/19,18/06/23
"שו""ע או""ח",תמו,א-ג,,19/08/14,18/01/19,19/06/23
"שו""ע או""ח",תמו-ז,ד-ב,,20/08/14,19/01/19,20/06/23
"שו""ע או""ח",תמז,ג-ה,,21/08/14,20/01/19,21/06/23
"שו""ע או""ח",תמז,ו-ח,,22/08/14,21/01/19,22/06/23
"שו""ע או""ח",תמז,ט-יא,,23/08/14,22/01/19,23/06/23
"שו""ע או""ח",תמז-ח,יב-ב,,24/08/14,23/01/19,24/06/23
"שו""ע או""ח",תמח,ג-ה,,25/08/14,24/01/19,25/06/23
"שו""ע או""ח",תמח-ט,ו-א,,26/08/14,25/01/19,26/06/23
"שו""ע או""ח",תנ,א-ג,,27/08/14,26/01/19,27/06/23
"שו""ע או""ח",תנ,ד-ו,,28/08/14,27/01/19,28/06/23
"שו""ע או""ח",תנ-א,ז-ב,,29/08/14,28/01/19,29/06/23
"שו""ע או""ח",תנא,ג-ה,,30/08/14,29/01/19,30/06/23
"שו""ע או""ח",תנא,ו-ח,,31/08/14,30/01/19,01/07/23
"שו""ע או""ח",תנא,ט-יא,,01/09/14,31/01/19,02/07/23
"שו""ע או""ח",תנא,יב-יד,,02/09/14,01/02/19,03/07/23
"שו""ע או""ח",תנא,טו-יז,,03/09/14,02/02/19,04/07/23
"שו""ע או""ח",תנא,יח-כ,,04/09/14,03/02/19,05/07/23
"שו""ע או""ח",תנא,כא-כג,,05/09/14,04/02/19,06/07/23
"שו""ע או""ח",תנא,כד-כו,,06/09/14,05/02/19,07/07/23
"שו""ע או""ח",תנא-ב,כז-ב,,07/09/14,06/02/19,08/07/23
"שו""ע או""ח",תנב,ג-ה,,08/09/14,07/02/19,09/07/23
"שו""ע או""ח",תנב-ג,ו-א,,09/09/14,08/02/19,10/07/23
"שו""ע או""ח",תנג,ב-ד,,10/09/14,09/02/19,11/07/23
"שו""ע או""ח",תנג,ה-ז,,11/09/14,10/02/19,12/07/23
"שו""ע או""ח",תנג-ד,ח-א,,12/09/14,11/02/19,13/07/23
"שו""ע או""ח",תנד,ב-ד,,13/09/14,12/02/19,14/07/23
"שו""ע או""ח",תנה,א-ג,,14/09/14,13/02/19,15/07/23
"שו""ע או""ח",תנה,ד-ו,,15/09/14,14/02/19,16/07/23
"שו""ע או""ח",תנו,א-ג,,16/09/14,15/02/19,17/07/23
"שו""ע או""ח",תנז-ח,א-א,,17/09/14,16/02/19,18/07/23
"שו""ע או""ח",תנט,א-ג,,18/09/14,17/02/19,19/07/23
"שו""ע או""ח",תנט,ד-ו,,19/09/14,18/02/19,20/07/23
"שו""ע או""ח",תס,א-ג,,20/09/14,19/02/19,21/07/23
"שו""ע או""ח",תס,ד-ו,,21/09/14,20/02/19,22/07/23
"שו""ע או""ח",תס-א,ז-ב,,22/09/14,21/02/19,23/07/23
"שו""ע או""ח",תסא,ג-ה,,23/09/14,22/02/19,24/07/23
"שו""ע או""ח",תסב,א-ג,,24/09/14,23/02/19,25/07/23
"שו""ע או""ח",תסב,ד-ו,,25/09/14,24/02/19,26/07/23
"שו""ע או""ח",תסב-ג,ז-ב,,26/09/14,25/02/19,27/07/23
"שו""ע או""ח",תסג-ד-ה,ג-א,,27/09/14,26/02/19,28/07/23
"שו""ע או""ח",תסה-ו,ב-א,,28/09/14,27/02/19,29/07/23
"שו""ע או""ח",תסו,ב-ד,,29/09/14,28/02/19,30/07/23
"שו""ע או""ח",תסו-ז,ה-א,,30/09/14,01/03/19,31/07/23
"שו""ע או""ח",תסז,ב-ד,,01/10/14,02/03/19,01/08/23
"שו""ע או""ח",תסז,ה-ז,,02/10/14,03/03/19,02/08/23
"שו""ע או""ח",תסז,ח-י,,03/10/14,04/03/19,03/08/23
"שו""ע או""ח",תסז,יא-יג,,04/10/14,05/03/19,04/08/23
"שו""ע או""ח",תסז,יד-טז,,05/10/14,06/03/19,05/08/23
"שו""ע או""ח",תסח,א-ג,,06/10/14,07/03/19,06/08/23
"שו""ע או""ח",תסח,ד-ו,,07/10/14,08/03/19,07/08/23
"שו""ע או""ח",תסח,ז-ט,,08/10/14,09/03/19,08/08/23
"שו""ע או""ח",תסח-ט-ע,י-א,,09/10/14,10/03/19,09/08/23
"שו""ע או""ח",תע-א,ב-א,,10/10/14,11/03/19,10/08/23
"שו""ע או""ח",תעא-ב,ב-א,,11/10/14,12/03/19,11/08/23
"שו""ע או""ח",תעב,ב-ד,,12/10/14,13/03/19,12/08/23
"שו""ע או""ח",תעב,ה-ז,,13/10/14,14/03/19,13/08/23
"שו""ע או""ח",תעב,ח-י,,14/10/14,15/03/19,14/08/23
"שו""ע או""ח",תעב,יא-יג,,15/10/14,16/03/19,15/08/23
"שו""ע או""ח",תעב,יד-טז,,16/10/14,17/03/19,16/08/23
"שו""ע או""ח",תעג,א-ג,,17/10/14,18/03/19,17/08/23
"שו""ע או""ח",תעג,ד-ו,,18/10/14,19/03/19,18/08/23
"שו""ע או""ח",תעג-ד-ה,ז-א,,19/10/14,20/03/19,19/08/23
"שו""ע או""ח",תעה,ב-ד,,20/10/14,21/03/19,20/08/23
"שו""ע או""ח",תעה,ה-ז,,21/10/14,22/03/19,21/08/23
"שו""ע או""ח",תעו-ז,א-א,,22/10/14,23/03/19,22/08/23
"שו""ע או""ח",תעז-ח,ב-ב,,23/10/14,24/03/19,23/08/23
"שו""ע או""ח",תעט-פ-א,א-א,,24/10/14,25/03/19,24/08/23
"שו""ע או""ח",תפא-ב-ג,ב-א,,25/10/14,26/03/19,25/08/23
"שו""ע או""ח",תפד-ה-ו,א-א,,26/10/14,27/03/19,26/08/23
"שו""ע או""ח",תפז,א-ג,,27/10/14,28/03/19,27/08/23
"שו""ע או""ח",תפז-ח,ד-ב,,28/10/14,29/03/19,28/08/23
"שו""ע או""ח",תפח-ט,ג-ב,,29/10/14,30/03/19,29/08/23
"שו""ע או""ח",תפט,ג-ה,,30/10/14,31/03/19,30/08/23
"שו""ע או""ח",תפט,ו-ח,,31/10/14,01/04/19,31/08/23
"שו""ע או""ח",תפט-צ,ט-א,,01/11/14,02/04/19,01/09/23
"שו""ע או""ח",תצ,ב-ד,,02/11/14,03/04/19,02/09/23
"שו""ע או""ח",תצ,ה-ז,,03/11/14,04/04/19,03/09/23
"שו""ע או""ח",תצ-א,ח-א,,04/11/14,05/04/19,04/09/23
"שו""ע או""ח",תצא-ב-ג,ב-א,,05/11/14,06/04/19,05/09/23
"שו""ע או""ח",תצג,ב-ד,,06/11/14,07/04/19,06/09/23
"שו""ע או""ח",תצד,א-ג,,07/11/14,08/04/19,07/09/23
"שו""ע או""ח",תצה,א-ג,,08/11/14,09/04/19,08/09/23
"שו""ע או""ח",תצה-ו,ד-ב,,09/11/14,10/04/19,09/09/23
"שו""ע או""ח",תצו-ז,ג-ב,,10/11/14,11/04/19,10/09/23
"שו""ע או""ח",תצז,ג-ה,,11/11/14,12/04/19,11/09/23
"שו""ע או""ח",תצז,ו-ח,,12/11/14,13/04/19,12/09/23
"שו""ע או""ח",תצז,ט-יא,,13/11/14,14/04/19,13/09/23
"שו""ע או""ח",תצז,יב-יד,,14/11/14,15/04/19,14/09/23
"שו""ע או""ח",תצז,טו-יז,,15/11/14,16/04/19,15/09/23
"שו""ע או""ח",תצח,א-ג,,16/11/14,17/04/19,16/09/23
"שו""ע או""ח",תצח,ד-ו,,17/11/14,18/04/19,17/09/23
"שו""ע או""ח",תצח,ז-ט,,18/11/14,19/04/19,18/09/23
"שו""ע או""ח",תצח,י-יב,,19/11/14,20/04/19,19/09/23
"שו""ע או""ח",תצח,יג-טו,,20/11/14,21/04/19,20/09/23
"שו""ע או""ח",תצח,טז-יח,,21/11/14,22/04/19,21/09/23
"שו""ע או""ח",תצח-ט,יט-א,,22/11/14,23/04/19,22/09/23
"שו""ע או""ח",תצט,ב-ד,,23/11/14,24/04/19,23/09/23
"שו""ע או""ח",תצט-ק,ה-ב,,24/11/14,25/04/19,24/09/23
"שו""ע או""ח",תק,ג-ה,,25/11/14,26/04/19,25/09/23
"שו""ע או""ח",תק-א,ו-ב,,26/11/14,27/04/19,26/09/23
"שו""ע או""ח",תקא,ג-ה,,27/11/14,28/04/19,27/09/23
"שו""ע או""ח",תקא-ב,ו-א,,28/11/14,29/04/19,28/09/23
"שו""ע או""ח",תקב,ב-ד,,29/11/14,30/04/19,29/09/23
"שו""ע או""ח",תקג-ד,א-א,,30/11/14,01/05/19,30/09/23
"שו""ע או""ח",תקד,ב-ד,,01/12/14,02/05/19,01/10/23
"שו""ע או""ח",תקה-ו,א-ב,,02/12/14,03/05/19,02/10/23
"שו""ע או""ח",תקו,ג-ה,,03/12/14,04/05/19,03/10/23
"שו""ע או""ח",תקו,ו-ח,,04/12/14,05/05/19,04/10/23
"שו""ע או""ח",תקו-ז,ט-ב,,05/12/14,06/05/19,05/10/23
"שו""ע או""ח",תקז,ג-ה,,06/12/14,07/05/19,06/10/23
"שו""ע או""ח",תקז-ח,ו-א,,07/12/14,08/05/19,07/10/23
"שו""ע או""ח",תקח-ט,ב-ב,,08/12/14,09/05/19,08/10/23
"שו""ע או""ח",תקט,ג-ה,,09/12/14,10/05/19,09/10/23
"שו""ע או""ח",תקט-י,ו-א,,10/12/14,11/05/19,10/10/23
"שו""ע או""ח",תקי,ב-ד,,11/12/14,12/05/19,11/10/23
"שו""ע או""ח",תקי,ה-ז,,12/12/14,13/05/19,12/10/23
"שו""ע או""ח",תקי,ח-י,,13/12/14,14/05/19,13/10/23
"שו""ע או""ח",תקי-א,יא-ב,,14/12/14,15/05/19,14/10/23
"שו""ע או""ח",תקיא-ב,ג-א,,15/12/14,16/05/19,15/10/23
"שו""ע או""ח",תקיב-ג,ב-א,,16/12/14,17/05/19,16/10/23
"שו""ע או""ח",תקיג,ב-ד,,17/12/14,18/05/19,17/10/23
"שו""ע או""ח",תקיג,ה-ז,,18/12/14,19/05/19,18/10/23
"שו""ע או""ח",תקיג-ד,ח-ב,,19/12/14,20/05/19,19/10/23
"שו""ע או""ח",תקיד,ג-ה,,20/12/14,21/05/19,20/10/23
"שו""ע או""ח",תקיד,ו-ח,,21/12/14,22/05/19,21/10/23
"שו""ע או""ח",תקיד,ט-יא,,22/12/14,23/05/19,22/10/23
"שו""ע או""ח",תקטו,א-ג,,23/12/14,24/05/19,23/10/23
"שו""ע או""ח",תקטו,ד-ו,,24/12/14,25/05/19,24/10/23
"שו""ע או""ח",תקטו,ז-ט,,25/12/14,26/05/19,25/10/23
"שו""ע או""ח",תקטז,א-ג,,26/12/14,27/05/19,26/10/23
"שו""ע או""ח",תקיז,א-ג,,27/12/14,28/05/19,27/10/23
"שו""ע או""ח",תקיז-ח,ד-ב,,28/12/14,29/05/19,28/10/23
"שו""ע או""ח",תקיח,ג-ה,,29/12/14,30/05/19,29/10/23
"שו""ע או""ח",תקיח,ו-ח,,30/12/14,31/05/19,30/10/23
"שו""ע או""ח",תקיח-ט,ט-ב,,31/12/14,01/06/19,31/10/23
"שו""ע או""ח",תקיט,ג-ה,,01/01/15,02/06/19,01/11/23
"שו""ע או""ח",תקכ-א,א-ב,,02/01/15,03/06/19,02/11/23
"שו""ע או""ח",תקכא-ב,ג-ב,,03/01/15,04/06/19,03/11/23
"שו""ע או""ח",תקכב-ג,ג-א,,04/01/15,05/06/19,04/11/23
"שו""ע או""ח",תקכג,ב-ד,,05/01/15,06/06/19,05/11/23
"שו""ע או""ח",תקכד-ה,א-א,,06/01/15,07/06/19,06/11/23
"שו""ע או""ח",תקכה-ו,ב-ב,,07/01/15,08/06/19,07/11/23
"שו""ע או""ח",תקכו,ג-ה,,08/01/15,09/06/19,08/11/23
"שו""ע או""ח",תקכו,ו-ח,,09/01/15,10/06/19,09/11/23
"שו""ע או""ח",תקכו,ט-יא,,10/01/15,11/06/19,10/11/23
"שו""ע או""ח",תקכו-ז,יב-ב,,11/01/15,12/06/19,11/11/23
"שו""ע או""ח",תקכז,ג-ה,,12/01/15,13/06/19,12/11/23
"שו""ע או""ח",תקכז,ו-ח,,13/01/15,14/06/19,13/11/23
"שו""ע או""ח",תקכז,ט-יא,,14/01/15,15/06/19,14/11/23
"שו""ע או""ח",תקכז,יב-יד,,15/01/15,16/06/19,15/11/23
"שו""ע או""ח",תקכז,טו-יז,,16/01/15,17/06/19,16/11/23
"שו""ע או""ח",תקכז,יח-כ,,17/01/15,18/06/19,17/11/23
"שו""ע או""ח",תקכז,כא-כג,,18/01/15,19/06/19,18/11/23
"שו""ע או""ח",תקכז-ח,כד-ב,,19/01/15,20/06/19,19/11/23
"שו""ע או""ח",תקכט,א-ג,,20/01/15,21/06/19,20/11/23
"שו""ע או""ח",תקכט-ל-א,ד-א,,21/01/15,22/06/19,21/11/23
"שו""ע או""ח",תקלא,ב-ד,,22/01/15,23/06/19,22/11/23
"שו""ע או""ח",תקלא,ה-ז,,23/01/15,24/06/19,23/11/23
"שו""ע או""ח",תקלא-ב,ח-ב,,24/01/15,25/06/19,24/11/23
"שו""ע או""ח",תקלג,א-ג,,25/01/15,26/06/19,25/11/23
"שו""ע או""ח",תקלג-ד,ד-א,,26/01/15,27/06/19,26/11/23
"שו""ע או""ח",תקלד-ה,ב-א,,27/01/15,28/06/19,27/11/23
"שו""ע או""ח",תקלה-ו,ב-א,,28/01/15,29/06/19,28/11/23
"שו""ע או""ח",תקלו,ב-ד,,29/01/15,30/06/19,29/11/23
"שו""ע או""ח",תקלז,א-ג,,30/01/15,01/07/19,30/11/23
"שו""ע או""ח",תקלז,ד-ו,,31/01/15,02/07/19,01/12/23
"שו""ע או""ח",תקלז,ז-ט,,01/02/15,03/07/19,02/12/23
"שו""ע או""ח",תקלז,י-יב,,02/02/15,04/07/19,03/12/23
"שו""ע או""ח",תקלז,יג-טו,,03/02/15,05/07/19,04/12/23
"שו""ע או""ח",תקלז-ח,טז-ב,,04/02/15,06/07/19,05/12/23
"שו""ע או""ח",תקלח,ג-ה,,05/02/15,07/07/19,06/12/23
"שו""ע או""ח",תקלח-ט,ו-ב,,06/02/15,08/07/19,07/12/23
"שו""ע או""ח",תקלט,ג-ה,,07/02/15,09/07/19,08/12/23
"שו""ע או""ח",תקלט,ו-ח,,08/02/15,10/07/19,09/12/23
"שו""ע או""ח",תקלט,ט-יא,,09/02/15,11/07/19,10/12/23
"שו""ע או""ח",תקלט,יב-יד,,10/02/15,12/07/19,11/12/23
"שו""ע או""ח",תקמ,א-ג,,11/02/15,13/07/19,12/12/23
"שו""ע או""ח",תקמ,ד-ו,,12/02/15,14/07/19,13/12/23
"שו""ע או""ח",תקמ-א,ז-א,,13/02/15,15/07/19,14/12/23
"שו""ע או""ח",תקמא,ב-ד,,14/02/15,16/07/19,15/12/23
"שו""ע או""ח",תקמא-ב,ה-ב,,15/02/15,17/07/19,16/12/23
"שו""ע או""ח",תקמג,א-ג,,16/02/15,18/07/19,17/12/23
"שו""ע או""ח",תקמד-ה,א-א,,17/02/15,19/07/19,18/12/23
"שו""ע או""ח",תקמה,ב-ד,,18/02/15,20/07/19,19/12/23
"שו""ע או""ח",תקמה,ה-ז,,19/02/15,21/07/19,20/12/23
"שו""ע או""ח",תקמה,ח-י,,20/02/15,22/07/19,21/12/23
"שו""ע או""ח",תקמה-ו,יא-ב,,21/02/15,23/07/19,22/12/23
"שו""ע או""ח",תקמו,ג-ה,,22/02/15,24/07/19,23/12/23
"שו""ע או""ח",תקמז,א-ג,,23/02/15,25/07/19,24/12/23
"שו""ע או""ח",תקמז,ד-ו,,24/02/15,26/07/19,25/12/23
"שו""ע או""ח",תקמז,ז-ט,,25/02/15,27/07/19,26/12/23
"שו""ע או""ח",תקמז,י-ב,,26/02/15,28/07/19,27/12/23
"שו""ע או""ח",תקמח,א-ג,,27/02/15,29/07/19,28/12/23
"שו""ע או""ח",תקמח,ד-ו,,28/02/15,30/07/19,29/12/23
"שו""ע או""ח",תקמח,ז-ט,,01/03/15,31/07/19,30/12/23
"שו""ע או""ח",תקמח,י-יב,,02/03/15,01/08/19,31/12/23
"שו""ע או""ח",תקמח,יג-טו,,03/03/15,02/08/19,01/01/24
"שו""ע או""ח",תקמח,טז-יח,,04/03/15,03/08/19,02/01/24
"שו""ע או""ח",תקמח-ט,יט-א,,05/03/15,04/08/19,03/01/24
"שו""ע או""ח",תקמט-נ,ב-ב,,06/03/15,05/08/19,04/01/24
"שו""ע או""ח",תקנ-א,ג-א,,07/03/15,06/08/19,05/01/24
"שו""ע או""ח",תקנא,ב-ד,,08/03/15,07/08/19,06/01/24
"שו""ע או""ח",תקנא,ה-ז,,09/03/15,08/08/19,07/01/24
"שו""ע או""ח",תקנא,ח-י,,10/03/15,09/08/19,08/01/24
"שו""ע או""ח",תקנא,יא-יג,,11/03/15,10/08/19,09/01/24
"שו""ע או""ח",תקנא,יד-טז,,12/03/15,11/08/19,10/01/24
"שו""ע או""ח",תקנא-ב,יז-א,,13/03/15,12/08/19,11/01/24
"שו""ע או""ח",תקנב,ב-ד,,14/03/15,13/08/19,12/01/24
"שו""ע או""ח",תקנב,ה-ז,,15/03/15,14/08/19,13/01/24
"שו""ע או""ח",תקנב,ח-י,,16/03/15,15/08/19,14/01/24
"שו""ע או""ח",תקנב-ג,יא-א,,17/03/15,16/08/19,15/01/24
"שו""ע או""ח",תקנג-ד,ב-ב,,18/03/15,17/08/19,16/01/24
"שו""ע או""ח",תקנד,ג-ה,,19/03/15,18/08/19,17/01/24
"שו""ע או""ח",תקנד,ו-ח,,20/03/15,19/08/19,18/01/24
"שו""ע או""ח",תקנד,ט-יא,,21/03/15,20/08/19,19/01/24
"שו""ע או""ח",תקנד,יב-יד,,22/03/15,21/08/19,20/01/24
"שו""ע או""ח",תקנד,טו-יז,,23/03/15,22/08/19,21/01/24
"שו""ע או""ח",תקנד,יח-כ,,24/03/15,23/08/19,22/01/24
"שו""ע או""ח",תקנד,כא-כג,,25/03/15,24/08/19,23/01/24
"שו""ע או""ח",תקנד-ה,כד-א,,26/03/15,25/08/19,24/01/24
"שו""ע או""ח",תקנה-ו-ז,ב-א,,27/03/15,26/08/19,25/01/24
"שו""ע או""ח",תקנח-ט,א-ב,,28/03/15,27/08/19,26/01/24
"שו""ע או""ח",תקנט,ג-ה,,29/03/15,28/08/19,27/01/24
"שו""ע או""ח",תקנט,ו-ח,,30/03/15,29/08/19,28/01/24
"שו""ע או""ח",תקנט-ס,ט-א,,31/03/15,30/08/19,29/01/24
"שו""ע או""ח",תקס,ב-ד,,01/04/15,31/08/19,30/01/24
"שו""ע או""ח",תקס-א,ה-ב,,02/04/15,01/09/19,31/01/24
"שו""ע או""ח",תקסא,ג-ה,,03/04/15,02/09/19,01/02/24
"שו""ע או""ח",תקסב,א-ג,,04/04/15,03/09/19,02/02/24
"שו""ע או""ח",תקסב,ד-ו,,05/04/15,04/09/19,03/02/24
"שו""ע או""ח",תקסב,ז-ט,,06/04/15,05/09/19,04/02/24
"שו""ע או""ח",תקסב,י-יב,,07/04/15,06/09/19,05/02/24
"שו""ע או""ח",תקסב-ג-ד,יג-א,,08/04/15,07/09/19,06/02/24
"שו""ע או""ח",תקסה,א-ג,,09/04/15,08/09/19,07/02/24
"שו""ע או""ח",תקסה,ד-ו,,10/04/15,09/09/19,08/02/24
"שו""ע או""ח",תקסו,א-ג,,11/04/15,10/09/19,09/02/24
"שו""ע או""ח",תקסו,ד-ו,,12/04/15,11/09/19,10/02/24
"שו""ע או""ח",תקסו-ז,ז-א,,13/04/15,12/09/19,11/02/24
"שו""ע או""ח",תקסז-ח,ב-א,,14/04/15,13/09/19,12/02/24
"שו""ע או""ח",תקסח,ב-ד,,15/04/15,14/09/19,13/02/24
"שו""ע או""ח",תקסח,ה-ז,,16/04/15,15/09/19,14/02/24
"שו""ע או""ח",תקסח,ח-י,,17/04/15,16/09/19,15/02/24
"שו""ע או""ח",תקסח-ט,יא-א,,18/04/15,17/09/19,16/02/24
"שו""ע או""ח",תקסט-ע,ב-ב,,19/04/15,18/09/19,17/02/24
"שו""ע או""ח",תקע-א,ג-ב,,20/04/15,19/09/19,18/02/24
"שו""ע או""ח",תקעא-ב,ג-ב,,21/04/15,20/09/19,19/02/24
"שו""ע או""ח",תקעב-ג-ד,ג-א,,22/04/15,21/09/19,20/02/24
"שו""ע או""ח",תקעד,ב-ד,,23/04/15,22/09/19,21/02/24
"שו""ע או""ח",תקעד-ה,ה-ב,,24/04/15,23/09/19,22/02/24
"שו""ע או""ח",תקעה,ג-ה,,25/04/15,24/09/19,23/02/24
"שו""ע או""ח",תקעה,ו-ח,,26/04/15,25/09/19,24/02/24
"שו""ע או""ח",תקעה,ט-יא,,27/04/15,26/09/19,25/02/24
"שו""ע או""ח",תקעה-ו,יב-א,,28/04/15,27/09/19,26/02/24
"שו""ע או""ח",תקעו,ב-ד,,29/04/15,28/09/19,27/02/24
"שו""ע או""ח",תקעו,ה-ז,,30/04/15,29/09/19,28/02/24
"שו""ע או""ח",תקעו,ח-י,,01/05/15,30/09/19,29/02/24
"שו""ע או""ח",תקעו,יא-יג,,02/05/15,01/10/19,01/03/24
"שו""ע או""ח",תקעו,יד-טז,,03/05/15,02/10/19,02/03/24
"שו""ע או""ח",תקעז-ח-ט,א-א,,04/05/15,03/10/19,03/03/24
"שו""ע או""ח",תקעט-פ,ב-א,,05/05/15,04/10/19,04/03/24
"שו""ע או""ח",תקפ-א,ב-א,,06/05/15,05/10/19,05/03/24
"שו""ע או""ח",תקפא,ב-ד,,07/05/15,06/10/19,06/03/24
"שו""ע או""ח",תקפב,א-ג,,08/05/15,07/10/19,07/03/24
"שו""ע או""ח",תקפב,ד-ו,,09/05/15,08/10/19,08/03/24
"שו""ע או""ח",תקפב,ז-ט,,10/05/15,09/10/19,09/03/24
"שו""ע או""ח",תקפג-ד,א-א,,11/05/15,10/10/19,10/03/24
"שו""ע או""ח",תקפד,ב-ד,,12/05/15,11/10/19,11/03/24
"שו""ע או""ח",תקפה,א-ג,,13/05/15,12/10/19,12/03/24
"שו""ע או""ח",תקפה-ו,ד-א,,14/05/15,13/10/19,13/03/24
"שו""ע או""ח",תקפו,ב-ד,,15/05/15,14/10/19,14/03/24
"שו""ע או""ח",תקפו,ה-ז,,16/05/15,15/10/19,15/03/24
"שו""ע או""ח",תקפו,ח-י,,17/05/15,16/10/19,16/03/24
"שו""ע או""ח",תקפו,יא-יג,,18/05/15,17/10/19,17/03/24
"שו""ע או""ח",תקפו,יד-טז,,19/05/15,18/10/19,18/03/24
"שו""ע או""ח",תקפו,יז-יט,,20/05/15,19/10/19,19/03/24
"שו""ע או""ח",תקפו,כ-כב,,21/05/15,20/10/19,20/03/24
"שו""ע או""ח",תקפו-ז,כג-ב,,22/05/15,21/10/19,21/03/24
"שו""ע או""ח",תקפז-ח,ג-ב,,23/05/15,22/10/19,22/03/24
"שו""ע או""ח",תקפח,ג-ה,,24/05/15,23/10/19,23/03/24
"שו""ע או""ח",תקפט,א-ג,,25/05/15,24/10/19,24/03/24
"שו""ע או""ח",תקפט,ד-ו,,26/05/15,25/10/19,25/03/24
"שו""ע או""ח",תקפט,ז-ט,,27/05/15,26/10/19,26/03/24
"שו""ע או""ח",תקצ,א-ג,,28/05/15,27/10/19,27/03/24
"שו""ע או""ח",תקצ,ד-ו,,29/05/15,28/10/19,28/03/24
"שו""ע או""ח",תקצ,ז-ט,,30/05/15,29/10/19,29/03/24
"שו""ע או""ח",תקצא,א-ג,,31/05/15,30/10/19,30/03/24
"שו""ע או""ח",תקצא,ד-ו,,01/06/15,31/10/19,31/03/24
"שו""ע או""ח",תקצא-ב,ז-א,,02/06/15,01/11/19,01/04/24
"שו""ע או""ח",תקצב,ב-ד,,03/06/15,02/11/19,02/04/24
"שו""ע או""ח",תקצג-ד,א-א,,04/06/15,03/11/19,03/04/24
"שו""ע או""ח",תקצה-ו-ז,א-א,,05/06/15,04/11/19,04/04/24
"שו""ע או""ח",תקצז-ח,ב-א,,06/06/15,05/11/19,05/04/24
"שו""ע או""ח",תקצט-תר,א-ב,,07/06/15,06/11/19,06/04/24
"שו""ע או""ח",תר-א,ג-ב,,08/06/15,07/11/19,07/04/24
"שו""ע או""ח",תרב-ג-ד,א-א,,09/06/15,08/11/19,08/04/24
"שו""ע או""ח",תרד-ה-ו,ב-א,,10/06/15,09/11/19,09/04/24
"שו""ע או""ח",תרו,ב-ד,,11/06/15,10/11/19,10/04/24
"שו""ע או""ח",תרז,א-ג,,12/06/15,11/11/19,11/04/24
"שו""ע או""ח",תרז,ד-ו,,13/06/15,12/11/19,12/04/24
"שו""ע או""ח",תרח,א-ג,,14/06/15,13/11/19,13/04/24
"שו""ע או""ח",תרח-ט-י,ד-א,,15/06/15,14/11/19,14/04/24
"שו""ע או""ח",תרי,ב-ד,,16/06/15,15/11/19,15/04/24
"שו""ע או""ח",תריא-ב,א-א,,17/06/15,16/11/19,16/04/24
"שו""ע או""ח",תריב,ב-ד,,18/06/15,17/11/19,17/04/24
"שו""ע או""ח",תריב,ה-ז,,19/06/15,18/11/19,18/04/24
"שו""ע או""ח",תריב,ח-י,,20/06/15,19/11/19,19/04/24
"שו""ע או""ח",תריג,א-ג,,21/06/15,20/11/19,20/04/24
"שו""ע או""ח",תריג,ד-ו,,22/06/15,21/11/19,21/04/24
"שו""ע או""ח",תריג,ז-ט,,23/06/15,22/11/19,22/04/24
"שו""ע או""ח",תריג,י-יב,,24/06/15,23/11/19,23/04/24
"שו""ע או""ח",תריד,א-ג,,25/06/15,24/11/19,24/04/24
"שו""ע או""ח",תריד-טו,ד-ב,,26/06/15,25/11/19,25/04/24
"שו""ע או""ח",תרטז-יז,א-א,,27/06/15,26/11/19,26/04/24
"שו""ע או""ח",תריז,ב-ד,,28/06/15,27/11/19,27/04/24
"שו""ע או""ח",תריח,א-ג,,29/06/15,28/11/19,28/04/24
"שו""ע או""ח",תריח,ד-ו,,30/06/15,29/11/19,29/04/24
"שו""ע או""ח",תריח,ז-ט,,01/07/15,30/11/19,30/04/24
"שו""ע או""ח",תריח-ט,י-ב,,02/07/15,01/12/19,01/05/24
"שו""ע או""ח",תריט,ג-ה,,03/07/15,02/12/19,02/05/24
"שו""ע או""ח",תריט-כ-א,ו-א,,04/07/15,03/12/19,03/05/24
"שו""ע או""ח",תרכא,ב-ד,,05/07/15,04/12/19,04/05/24
"שו""ע או""ח",תרכא-ב,ה-א,,06/07/15,05/12/19,05/05/24
"שו""ע או""ח",תרכב,ב-ד,,07/07/15,06/12/19,06/05/24
"שו""ע או""ח",תרכג,א-ג,,08/07/15,07/12/19,07/05/24
"שו""ע או""ח",תרכג,ד-ו,,09/07/15,08/12/19,08/05/24
"שו""ע או""ח",תרכד,א-ג,,10/07/15,09/12/19,09/05/24
"שו""ע או""ח",תרכד-ה,ד-א,,11/07/15,10/12/19,10/05/24
"שו""ע או""ח",תרכו,א-ג,,12/07/15,11/12/19,11/05/24
"שו""ע או""ח",תרכז,א-ג,,13/07/15,12/12/19,12/05/24
"שו""ע או""ח",תרכז-ח,ד-ב,,14/07/15,13/12/19,13/05/24
"שו""ע או""ח",תרכח-ט,ג-ב,,15/07/15,14/12/19,14/05/24
"שו""ע או""ח",תרכט,ג-ה,,16/07/15,15/12/19,15/05/24
"שו""ע או""ח",תרכט,ו-ח,,17/07/15,16/12/19,16/05/24
"שו""ע או""ח",תרכט,ט-יא,,18/07/15,17/12/19,17/05/24
"שו""ע או""ח",תרכט,יב-יד,,19/07/15,18/12/19,18/05/24
"שו""ע או""ח",תרכט,טו-יז,,20/07/15,19/12/19,19/05/24
"שו""ע או""ח",תרכט-ל,יח-א,,21/07/15,20/12/19,20/05/24
"שו""ע או""ח",תרל,ב-ד,,22/07/15,21/12/19,21/05/24
"שו""ע או""ח",תרל,ה-ז,,23/07/15,22/12/19,22/05/24
"שו""ע או""ח",תרל,ח-י,,24/07/15,23/12/19,23/05/24
"שו""ע או""ח",תרל,יא-יג,,25/07/15,24/12/19,24/05/24
"שו""ע או""ח",תרלא,א-ג,,26/07/15,25/12/19,25/05/24
"שו""ע או""ח",תרלא,ד-ו,,27/07/15,26/12/19,26/05/24
"שו""ע או""ח",תרלא,ז-ט,,28/07/15,27/12/19,27/05/24
"שו""ע או""ח",תרלא-ב,י-ב,,29/07/15,28/12/19,28/05/24
"שו""ע או""ח",תרלב-ג,ג-א,,30/07/15,29/12/19,29/05/24
"שו""ע או""ח",תרלג,ב-ד,,31/07/15,30/12/19,30/05/24
"שו""ע או""ח",תרלג,ה-ז,,01/08/15,31/12/19,31/05/24
"שו""ע או""ח",תרלג,ח-י,,02/08/15,01/01/20,01/06/24
"שו""ע או""ח",תרלד,א-ג,,03/08/15,02/01/20,02/06/24
"שו""ע או""ח",תרלד-ה-ו,ד-א,,04/08/15,03/01/20,03/06/24
"שו""ע או""ח",תרלו-ז,ב-ב,,05/08/15,04/01/20,04/06/24
"שו""ע או""ח",תרלז-ח,ג-ב,,06/08/15,05/01/20,05/06/24
"שו""ע או""ח",תרלט,א-ג,,07/08/15,06/01/20,06/06/24
"שו""ע או""ח",תרלט,ד-ו,,08/08/15,07/01/20,07/06/24
"שו""ע או""ח",תרלט-מ,ז-א,,09/08/15,08/01/20,08/06/24
"שו""ע או""ח",תרמ,ב-ד,,10/08/15,09/01/20,09/06/24
"שו""ע או""ח",תרמ,ה-ז,,11/08/15,10/01/20,10/06/24
"שו""ע או""ח",תרמ,ח-י,,12/08/15,11/01/20,11/06/24
"שו""ע או""ח",תרמא-ב-ג,א-א,,13/08/15,12/01/20,12/06/24
"שו""ע או""ח",תרמג-ד,ב-א,,14/08/15,13/01/20,13/06/24
"שו""ע או""ח",תרמד-ה,ב-ב,,15/08/15,14/01/20,14/06/24
"שו""ע או""ח",תרמה,ג-ה,,16/08/15,15/01/20,15/06/24
"שו""ע או""ח",תרמה,ו-ח,,17/08/15,16/01/20,16/06/24
"שו""ע או""ח",תרמה-ו,ט-ב,,18/08/15,17/01/20,17/06/24
"שו""ע או""ח",תרמו,ג-ה,,19/08/15,18/01/20,18/06/24
"שו""ע או""ח",תרמו,ו-ח,,20/08/15,19/01/20,19/06/24
"שו""ע או""ח",תרמו,ט-יא,,21/08/15,20/01/20,20/06/24
"שו""ע או""ח",תרמז-ח,א-א,,22/08/15,21/01/20,21/06/24
"שו""ע או""ח",תרמח,ב-ד,,23/08/15,22/01/20,22/06/24
"שו""ע או""ח",תרמח,ה-ז,,24/08/15,23/01/20,23/06/24
"שו""ע או""ח",תרמח,ח-י,,25/08/15,24/01/20,24/06/24
"שו""ע או""ח",תרמח,יא-יג,,26/08/15,25/01/20,25/06/24
"שו""ע או""ח",תרמח,יד-טז,,27/08/15,26/01/20,26/06/24
"שו""ע או""ח",תרמח,יז-יט,,28/08/15,27/01/20,27/06/24
"שו""ע או""ח",תרמח,כ-כב,,29/08/15,28/01/20,28/06/24
"שו""ע או""ח",תרמט,א-ג,,30/08/15,29/01/20,29/06/24
"שו""ע או""ח",תרמט,ד-ו,,31/08/15,30/01/20,30/06/24
"שו""ע או""ח",תרנ-א,א-א,,01/09/15,31/01/20,01/07/24
"שו""ע או""ח",תרנא,ב-ד,,02/09/15,01/02/20,02/07/24
"שו""ע או""ח",תרנא,ה-ז,,03/09/15,02/02/20,03/07/24
"שו""ע או""ח",תרנא,ח-י,,04/09/15,03/02/20,04/07/24
"שו""ע או""ח",תרנא,יא-יג,,05/09/15,04/02/20,05/07/24
"שו""ע או""ח",תרנא-ב,יד-א,,06/09/15,05/02/20,06/07/24
"שו""ע או""ח",תרנב-ג,ב-ב,,07/09/15,06/02/20,07/07/24
"שו""ע או""ח",תרנד-ה-ו,א-א,,08/09/15,07/02/20,08/07/24
"שו""ע או""ח",תרנז-ח,א-ב,,09/09/15,08/02/20,09/07/24
"שו""ע או""ח",תרנח,ג-ה,,10/09/15,09/02/20,10/07/24
"שו""ע או""ח",תרנח,ו-ח,,11/09/15,10/02/20,11/07/24
"שו""ע או""ח",תרנח-ט-ס,ט-א,,12/09/15,11/02/20,12/07/24
"שו""ע או""ח",תרס-א,ב-א,,13/09/15,12/02/20,13/07/24
"שו""ע או""ח",תרסב,‫א‪-‬ג‬,,14/09/15,13/02/20,14/07/24
"שו""ע או""ח",תרסג,‫א‪-‬ג‬,,15/09/15,14/02/20,15/07/24
"שו""ע או""ח",תרסד,‫א‪-‬ג‬,,16/09/15,15/02/20,16/07/24
"שו""ע או""ח",תרסד,‫ד‪-‬ו‬,,17/09/15,16/02/20,17/07/24
"שו""ע או""ח",תרסד,‫ז‪-‬ט‬,,18/09/15,17/02/20,18/07/24
"שו""ע או""ח",תרסד-ה,‫י‪-‬א‬,,19/09/15,18/02/20,19/07/24
"שו""ע או""ח",תרסה-ו-ז,‫ב‪-‬א‬,,20/09/15,19/02/20,20/07/24
"שו""ע או""ח",תרסח-ט,‫א‪-‬א‬,,21/09/15,20/02/20,21/07/24
"שו""ע או""ח",תרע,‫א‪-‬ג‬,,22/09/15,21/02/20,22/07/24
"שו""ע או""ח",תרעא,‫א‪-‬ג‬,,23/09/15,22/02/20,23/07/24
"שו""ע או""ח",תרעא,‫ד‪-‬ו‬,,24/09/15,23/02/20,24/07/24
"שו""ע או""ח",תרעא-ב,‫ז‪-‬א‬,,25/09/15,24/02/20,25/07/24
"שו""ע או""ח",תרעב-ג,‫ב‪-‬ב‬,,26/09/15,25/02/20,26/07/24
"שו""ע או""ח",תרעג-ד,‫ג‪-‬א‬,,27/09/15,26/02/20,27/07/24
"שו""ע או""ח",תרעד-ה,‫ב‪-‬ב‬,,28/09/15,27/02/20,28/07/24
"שו""ע או""ח",תרעה-ו,‫ג‪-‬ב‬,,29/09/15,28/02/20,29/07/24
"שו""ע או""ח",תרעו,‫ג‪-‬ה‬,,30/09/15,29/02/20,30/07/24
"שו""ע או""ח",תרעז,‫א‪-‬ג‬,,01/10/15,01/03/20,31/07/24
"שו""ע או""ח",תרעז-ח-ט,‫ד‪-‬א‬,,02/10/15,02/03/20,01/08/24
"שו""ע או""ח",תרפ-א,‫א‪-‬א‬,,03/10/15,03/03/20,02/08/24
"שו""ע או""ח",תרפא-ב,‫ב‪-‬ב‬,,04/10/15,04/03/20,03/08/24
"שו""ע או""ח",תרפב-ג-ד,‫ג‪-‬א‬,,05/10/15,05/03/20,04/08/24
"שו""ע או""ח",תרפד-ה,‫ב‪-‬א‬,,06/10/15,06/03/20,05/08/24
"שו""ע או""ח",תרפה,‫ב‪-‬ד‬,,07/10/15,07/03/20,06/08/24
"שו""ע או""ח",תרפה,‫ה‪-‬ז‬,,08/10/15,08/03/20,07/08/24
"שו""ע או""ח",תרפו,‫א‪-‬ג‬,,09/10/15,09/03/20,08/08/24
"שו""ע או""ח",תרפז-ח,‫א‪-‬א‬,,10/10/15,10/03/20,09/08/24
"שו""ע או""ח",תרפח,‫ב‪-‬ד‬,,11/10/15,11/03/20,10/08/24
"שו""ע או""ח",תרפח,‫ה‪-‬ז‬,,12/10/15,12/03/20,11/08/24
"שו""ע או""ח",תרפח-ט,‫ח‪-‬ב‬,,13/10/15,13/03/20,12/08/24
"שו""ע או""ח",תרפט,‫ג‪-‬ה‬,,14/10/15,14/03/20,13/08/24
"שו""ע או""ח",תרפט-צ,‫ו‪-‬ב‬,,15/10/15,15/03/20,14/08/24
"שו""ע או""ח",תרצ,‫ג‪-‬ה‬,,16/10/15,16/03/20,15/08/24
"שו""ע או""ח",תרצ,‫ו‪-‬ח‬,,17/10/15,17/03/20,16/08/24
"שו""ע או""ח",תרצ,‫ט‪-‬יא‬,,18/10/15,18/03/20,17/08/24
"שו""ע או""ח",תרצ,‫יב‪-‬יד‬,,19/10/15,19/03/20,18/08/24
"שו""ע או""ח",תרצ,‫טו‪-‬יז‬,,20/10/15,20/03/20,19/08/24
"שו""ע או""ח",תרצ-א,‫יח‪-‬ב‬,,21/10/15,21/03/20,20/08/24
"שו""ע או""ח",תרצא,‫ג‪-‬ה‬,,22/10/15,22/03/20,21/08/24
"שו""ע או""ח",תרצא,‫ו‪-‬ח‬,,23/10/15,23/03/20,22/08/24
"שו""ע או""ח",תרצא,‫ט‪-‬יא‬,,24/10/15,24/03/20,23/08/24
"שו""ע או""ח",תרצב,‫א‪-‬ג‬,,25/10/15,25/03/20,24/08/24
"שו""ע או""ח",תרצב-ג,‫ד‪-‬ב‬,,26/10/15,26/03/20,25/08/24
"שו""ע או""ח",תרצג-ד,‫ג‪-‬א‬,,27/10/15,27/03/20,26/08/24
"שו""ע או""ח",תרצד,‫ב‪-‬ד‬,,28/10/15,28/03/20,27/08/24
"שו""ע או""ח",תרצה,‫א‪-‬ג‬,,29/10/15,29/03/20,28/08/24
"שו""ע או""ח",תרצה-ו,‫ד‪-‬ב‬,,30/10/15,30/03/20,29/08/24
"שו""ע או""ח",תרצו,‫ג‪-‬ה‬,,31/10/15,31/03/20,30/08/24
"שו""ע או""ח",תרצו-ז*,‫ו‪-‬א‬,,01/11/15,01/04/20,31/08/24
"קיצור שו""ע",יא,‫א‪-‬ה‬,,02/11/15,02/04/20,01/09/24
"קיצור שו""ע",יא,‫ו‪-‬י‬,,03/11/15,03/04/20,02/09/24
"קיצור שו""ע",יא,‫יא‪-‬טו‬,,04/11/15,04/04/20,03/09/24
"קיצור שו""ע",יא,‫טז‪-‬כ‬,,05/11/15,05/04/20,04/09/24
"קיצור שו""ע",יא,‫כא‪-‬כה‬,,06/11/15,06/04/20,05/09/24
"קיצור שו""ע",כד,‫א‪-‬ה‬,,07/11/15,07/04/20,06/09/24
"קיצור שו""ע",כד,‫ו‪-‬י‬,,08/11/15,08/04/20,07/09/24
"קיצור שו""ע","כז כד,",‫יא‪-‬ג‬,,09/11/15,09/04/20,08/09/24
"קיצור שו""ע",כז-כח,‫ד‪-‬ג‬,,10/11/15,10/04/20,09/09/24
"קיצור שו""ע",כח,‫ד‪-‬ח‬,,11/11/15,11/04/20,10/09/24
"קיצור שו""ע",כח,‫ט‪-‬יג‬,,12/11/15,12/04/20,11/09/24
"קיצור שו""ע",כט,‫א‪-‬ה‬,,13/11/15,13/04/20,12/09/24
"קיצור שו""ע",כט,‫ו‪-‬י‬,,14/11/15,14/04/20,13/09/24
"קיצור שו""ע",כט,‫יא‪-‬טו‬,,15/11/15,15/04/20,14/09/24
"קיצור שו""ע",כט,‫טז‪-‬כ‬,,16/11/15,16/04/20,15/09/24
"קיצור שו""ע",כט-ל,‫כא‪-‬ד‬,,17/11/15,17/04/20,16/09/24
"קיצור שו""ע",ל,‫ה‪-‬ט‬,,18/11/15,18/04/20,17/09/24
"קיצור שו""ע",לא,‫א‪-‬ה‬,,19/11/15,19/04/20,18/09/24
"קיצור שו""ע",לא-לב,‫ו‪-‬ג‬,,20/11/15,20/04/20,19/09/24
"קיצור שו""ע",לב,‫ד‪-‬ח‬,,21/11/15,21/04/20,20/09/24
"קיצור שו""ע",לב,‫ט‪-‬יג‬,,22/11/15,22/04/20,21/09/24
"קיצור שו""ע",לב,‫יד‪-‬יח‬,,23/11/15,23/04/20,22/09/24
"קיצור שו""ע",לב,‫יט‪-‬כג‬,,24/11/15,24/04/20,23/09/24
"קיצור שו""ע",לב-לג,‫כד‪-‬א‬,,25/11/15,25/04/20,24/09/24
"קיצור שו""ע",לג,‫ב‪-‬ו‬,,26/11/15,26/04/20,25/09/24
"קיצור שו""ע",לג,‫ז‪-‬יא‬,,27/11/15,27/04/20,26/09/24
"קיצור שו""ע",לג-ד,‫יב‪-‬ב‬,,28/11/15,28/04/20,27/09/24
"קיצור שו""ע",לד,‫ג‪-‬ז‬,,29/11/15,29/04/20,28/09/24
"קיצור שו""ע",לד,‫ח‪-‬יב‬,,30/11/15,30/04/20,29/09/24
"קיצור שו""ע",לד-ה,‫יג‪-‬א‬,,01/12/15,01/05/20,30/09/24
"קיצור שו""ע",לה,‫ב‪-‬ו‬,,02/12/15,02/05/20,01/10/24
"קיצור שו""ע",לה-ו,‫ז‪-‬ב‬,,03/12/15,03/05/20,02/10/24
"קיצור שו""ע",לו,‫ג‪-‬ז‬,,04/12/15,04/05/20,03/10/24
"קיצור שו""ע",לו,‫ח‪-‬יב‬,,05/12/15,05/05/20,04/10/24
"קיצור שו""ע",לו,‫יג‪-‬יז‬,,06/12/15,06/05/20,05/10/24
"קיצור שו""ע",לו,‫יח‪-‬כב‬,,07/12/15,07/05/20,06/10/24
"קיצור שו""ע",לו,‫כג‪-‬כז‬,,08/12/15,08/05/20,07/10/24
"קיצור שו""ע",לו-ז,‫כח‪-‬ד‬,,09/12/15,09/05/20,08/10/24
"קיצור שו""ע",לז,‫ה‪-‬ט‬,,10/12/15,10/05/20,09/10/24
"קיצור שו""ע",לז-ח,‫י‪-‬א‬,,11/12/15,11/05/20,10/10/24
"קיצור שו""ע",לח,‫ב‪-‬ו‬,,12/12/15,12/05/20,11/10/24
"קיצור שו""ע",,,,13/12/15,13/05/20,12/10/24
"קיצור שו""ע",,,,14/12/15,14/05/20,13/10/24
"קיצור שו""ע",,,,15/12/15,15/05/20,14/10/24
"קיצור שו""ע",,,,16/12/15,16/05/20,15/10/24
"קיצור שו""ע",,,,17/12/15,17/05/20,16/10/24
"קיצור שו""ע",,,,18/12/15,18/05/20,17/10/24
"קיצור שו""ע",,,,19/12/15,19/05/20,18/10/24
"קיצור שו""ע",,,,20/12/15,20/05/20,19/10/24
"קיצור שו""ע",,,,21/12/15,21/05/20,20/10/24
"קיצור שו""ע",,,,22/12/15,22/05/20,21/10/24
"קיצור שו""ע",,,,23/12/15,23/05/20,22/10/24
"קיצור שו""ע",,,,24/12/15,24/05/20,23/10/24
"קיצור שו""ע",,,,25/12/15,25/05/20,24/10/24
"קיצור שו""ע",,,,26/12/15,26/05/20,25/10/24
"קיצור שו""ע",,,,27/12/15,27/05/20,26/10/24
"קיצור שו""ע",,,,28/12/15,28/05/20,27/10/24
"קיצור שו""ע",,,,29/12/15,29/05/20,28/10/24
"קיצור שו""ע",,,,30/12/15,30/05/20,29/10/24
"קיצור שו""ע",,,,31/12/15,31/05/20,30/10/24
"קיצור שו""ע",,,,01/01/16,01/06/20,31/10/24
"קיצור שו""ע",,,,02/01/16,02/06/20,01/11/24
"קיצור שו""ע",,,,03/01/16,03/06/20,02/11/24
"קיצור שו""ע",,,,04/01/16,04/06/20,03/11/24
"קיצור שו""ע",,,,05/01/16,05/06/20,04/11/24
"קיצור שו""ע",,,,06/01/16,06/06/20,05/11/24
"קיצור שו""ע",,,,07/01/16,07/06/20,06/11/24
"קיצור שו""ע",,,,08/01/16,08/06/20,07/11/24
"קיצור שו""ע",,,,09/01/16,09/06/20,08/11/24
"קיצור שו""ע",,,,10/01/16,10/06/20,09/11/24
"קיצור שו""ע",,,,11/01/16,11/06/20,10/11/24
"קיצור שו""ע",,,,12/01/16,12/06/20,11/11/24
"קיצור שו""ע",,,,13/01/16,13/06/20,12/11/24
"קיצור שו""ע",,,,14/01/16,14/06/20,13/11/24
"קיצור שו""ע",,,,15/01/16,15/06/20,14/11/24
"קיצור שו""ע",,,,16/01/16,16/06/20,15/11/24
"קיצור שו""ע",,,,17/01/16,17/06/20,16/11/24
"קיצור שו""ע",,,,18/01/16,18/06/20,17/11/24
"קיצור שו""ע",,,,19/01/16,19/06/20,18/11/24
"קיצור שו""ע",,,,20/01/16,20/06/20,19/11/24
"קיצור שו""ע",,,,21/01/16,21/06/20,20/11/24
"קיצור שו""ע",,,,22/01/16,22/06/20,21/11/24
"קיצור שו""ע",,,,23/01/16,23/06/20,22/11/24
"קיצור שו""ע",,,,24/01/16,24/06/20,23/11/24
"קיצור שו""ע",,,,25/01/16,25/06/20,24/11/24
"קיצור שו""ע",,,,26/01/16,26/06/20,25/11/24
"קיצור שו""ע",,,,27/01/16,27/06/20,26/11/24
"קיצור שו""ע",,,,28/01/16,28/06/20,27/11/24
"קיצור שו""ע",,,,29/01/16,29/06/20,28/11/24
"קיצור שו""ע",,,,30/01/16,30/06/20,29/11/24
"קיצור שו""ע",,,,31/01/16,01/07/20,30/11/24
"קיצור שו""ע",,,,01/02/16,02/07/20,01/12/24
"קיצור שו""ע",,,,02/02/16,03/07/20,02/12/24
"קיצור שו""ע",,,,03/02/16,04/07/20,03/12/24
"קיצור שו""ע",,,,04/02/16,05/07/20,04/12/24
"קיצור שו""ע",,,,05/02/16,06/07/20,05/12/24
"קיצור שו""ע",,,,06/02/16,07/07/20,06/12/24
"קיצור שו""ע",,,,07/02/16,08/07/20,07/12/24
"קיצור שו""ע",,,,08/02/16,09/07/20,08/12/24
"קיצור שו""ע",,,,09/02/16,10/07/20,09/12/24
"קיצור שו""ע",,,,10/02/16,11/07/20,10/12/24
"קיצור שו""ע",,,,11/02/16,12/07/20,11/12/24
"קיצור שו""ע",,,,12/02/16,13/07/20,12/12/24
"קיצור שו""ע",,,,13/02/16,14/07/20,13/12/24
"קיצור שו""ע",,,,14/02/16,15/07/20,14/12/24
"קיצור שו""ע",,,,15/02/16,16/07/20,15/12/24
"קיצור שו""ע",,,,16/02/16,17/07/20,16/12/24
"קיצור שו""ע",,,,17/02/16,18/07/20,17/12/24
"קיצור שו""ע",,,,18/02/16,19/07/20,18/12/24
"קיצור שו""ע",,,,19/02/16,20/07/20,19/12/24
"קיצור שו""ע",,,,20/02/16,21/07/20,20/12/24
"קיצור שו""ע",,,,21/02/16,22/07/20,21/12/24
"קיצור שו""ע",,,,22/02/16,23/07/20,22/12/24
"קיצור שו""ע",,,,23/02/16,24/07/20,23/12/24
"קיצור שו""ע",,,,24/02/16,25/07/20,24/12/24
"קיצור שו""ע",,,,25/02/16,26/07/20,25/12/24
"קיצור שו""ע",,,,26/02/16,27/07/20,26/12/24
"קיצור שו""ע",,,,27/02/16,28/07/20,27/12/24
"קיצור שו""ע",,,,28/02/16,29/07/20,28/12/24
"קיצור שו""ע",,,,29/02/16,30/07/20,29/12/24
"קיצור שו""ע",,,,01/03/16,31/07/20,30/12/24
"קיצור שו""ע",,,,02/03/16,01/08/20,31/12/24
"קיצור שו""ע",,,,03/03/16,02/08/20,01/01/25
"קיצור שו""ע",,,,04/03/16,03/08/20,02/01/25
"קיצור שו""ע",,,,05/03/16,04/08/20,03/01/25
"קיצור שו""ע",,,,06/03/16,05/08/20,04/01/25
"קיצור שו""ע",,,,07/03/16,06/08/20,05/01/25
"קיצור שו""ע",,,,08/03/16,07/08/20,06/01/25
"קיצור שו""ע",,,,09/03/16,08/08/20,07/01/25
"קיצור שו""ע",,,,10/03/16,09/08/20,08/01/25
"קיצור שו""ע",,,,11/03/16,10/08/20,09/01/25
"קיצור שו""ע",,,,12/03/16,11/08/20,10/01/25
"קיצור שו""ע",,,,13/03/16,12/08/20,11/01/25
"קיצור שו""ע",,,,14/03/16,13/08/20,12/01/25
"קיצור שו""ע",,,,15/03/16,14/08/20,13/01/25
"קיצור שו""ע",,,,16/03/16,15/08/20,14/01/25
"קיצור שו""ע",,,,17/03/16,16/08/20,15/01/25
"קיצור שו""ע",,,,18/03/16,17/08/20,16/01/25
"קיצור שו""ע",,,,19/03/16,18/08/20,17/01/25
"קיצור שו""ע",,,,20/03/16,19/08/20,18/01/25
"קיצור שו""ע",,,,21/03/16,20/08/20,19/01/25
"קיצור שו""ע",,,,22/03/16,21/08/20,20/01/25
"קיצור שו""ע",,,,23/03/16,22/08/20,21/01/25
"קיצור שו""ע",,,,24/03/16,23/08/20,22/01/25
"קיצור שו""ע",,,,25/03/16,24/08/20,23/01/25
"קיצור שו""ע",,,,26/03/16,25/08/20,24/01/25
"קיצור שו""ע",,,,27/03/16,26/08/20,25/01/25
"קיצור שו""ע",,,,28/03/16,27/08/20,26/01/25
"קיצור שו""ע",,,,29/03/16,28/08/20,27/01/25
"קיצור שו""ע",,,,30/03/16,29/08/20,28/01/25
"קיצור שו""ע",,,,31/03/16,30/08/20,29/01/25
"קיצור שו""ע",,,,01/04/16,31/08/20,30/01/25
"קיצור שו""ע",,,,02/04/16,01/09/20,31/01/25
"קיצור שו""ע",,,,03/04/16,02/09/20,01/02/25
"קיצור שו""ע",,,,04/04/16,03/09/20,02/02/25
"קיצור שו""ע",,,,05/04/16,04/09/20,03/02/25
"קיצור שו""ע",,,,06/04/16,05/09/20,04/02/25
"קיצור שו""ע",,,,07/04/16,06/09/20,05/02/25
"קיצור שו""ע",,,,08/04/16,07/09/20,06/02/25
"קיצור שו""ע",,,,09/04/16,08/09/20,07/02/25
"קיצור שו""ע",,,,10/04/16,09/09/20,08/02/25
"קיצור שו""ע",,,,11/04/16,10/09/20,09/02/25
"קיצור שו""ע",,,,12/04/16,11/09/20,10/02/25
"קיצור שו""ע",,,,13/04/16,12/09/20,11/02/25
"קיצור שו""ע",,,,14/04/16,13/09/20,12/02/25
"קיצור שו""ע",,,,15/04/16,14/09/20,13/02/25
"קיצור שו""ע",,,,16/04/16,15/09/20,14/02/25
"קיצור שו""ע",,,,17/04/16,16/09/20,15/02/25
"קיצור שו""ע",,,,18/04/16,17/09/20,16/02/25
"קיצור שו""ע",,,,19/04/16,18/09/20,17/02/25
"קיצור שו""ע",,,,20/04/16,19/09/20,18/02/25
"קיצור שו""ע",,,,21/04/16,20/09/20,19/02/25
"קיצור שו""ע",,,,22/04/16,21/09/20,20/02/25
"קיצור שו""ע",,,,23/04/16,22/09/20,21/02/25
"קיצור שו""ע",,,,24/04/16,23/09/20,22/02/25
"קיצור שו""ע",,,,25/04/16,24/09/20,23/02/25
"קיצור שו""ע",,,,26/04/16,25/09/20,24/02/25
"קיצור שו""ע",,,,27/04/16,26/09/20,25/02/25
"קיצור שו""ע",,,,28/04/16,27/09/20,26/02/25
"קיצור שו""ע",,,,29/04/16,28/09/20,27/02/25
"קיצור שו""ע",,,,30/04/16,29/09/20,28/02/25
"קיצור שו""ע",,,,01/05/16,30/09/20,01/03/25
"קיצור שו""ע",,,,02/05/16,01/10/20,02/03/25
"קיצור שו""ע",,,,03/05/16,02/10/20,03/03/25
"קיצור שו""ע",,,,04/05/16,03/10/20,04/03/25
"קיצור שו""ע",,,,05/05/16,04/10/20,05/03/25
"קיצור שו""ע",,,,06/05/16,05/10/20,06/03/25
"קיצור שו""ע",,,,07/05/16,06/10/20,07/03/25
"קיצור שו""ע",,,,08/05/16,07/10/20,08/03/25
"קיצור שו""ע",,,,09/05/16,08/10/20,09/03/25
"קיצור שו""ע",,,,10/05/16,09/10/20,10/03/25
"קיצור שו""ע",,,,11/05/16,10/10/20,11/03/25
"קיצור שו""ע",,,,12/05/16,11/10/20,12/03/25
"קיצור שו""ע",,,,13/05/16,12/10/20,13/03/25
"קיצור שו""ע",,,,14/05/16,13/10/20,14/03/25
"קיצור שו""ע",,,,15/05/16,14/10/20,15/03/25
"קיצור שו""ע",,,,16/05/16,15/10/20,16/03/25
"קיצור שו""ע",,,,17/05/16,16/10/20,17/03/25
"קיצור שו""ע",,,,18/05/16,17/10/20,18/03/25
"קיצור שו""ע",,,,19/05/16,18/10/20,19/03/25
"קיצור שו""ע",,,,20/05/16,19/10/20,20/03/25
"קיצור שו""ע",,,,21/05/16,20/10/20,21/03/25
"קיצור שו""ע",,,,22/05/16,21/10/20,22/03/25
"קיצור שו""ע",,,,23/05/16,22/10/20,23/03/25
"קיצור שו""ע",,,,24/05/16,23/10/20,24/03/25
"קיצור שו""ע",,,,25/05/16,24/10/20,25/03/25
"קיצור שו""ע",,,,26/05/16,25/10/20,26/03/25
"קיצור שו""ע",,,,27/05/16,26/10/20,27/03/25
"קיצור שו""ע",,,,28/05/16,27/10/20,28/03/25
"קיצור שו""ע",,,,29/05/16,28/10/20,29/03/25
"קיצור שו""ע",,,,30/05/16,29/10/20,30/03/25
"קיצור שו""ע",,,,31/05/16,30/10/20,31/03/25
"קיצור שו""ע",,,,01/06/16,31/10/20,01/04/25
"קיצור שו""ע",,,,02/06/16,01/11/20,02/04/25
"קיצור שו""ע",,,,03/06/16,02/11/20,03/04/25
"קיצור שו""ע",,,,04/06/16,03/11/20,04/04/25
"קיצור שו""ע",,,,05/06/16,04/11/20,05/04/25
"קיצור שו""ע",,,,06/06/16,05/11/20,06/04/25
"קיצור שו""ע",,,,07/06/16,06/11/20,07/04/25
"קיצור שו""ע",,,,08/06/16,07/11/20,08/04/25
"קיצור שו""ע",,,,09/06/16,08/11/20,09/04/25
"קיצור שו""ע",,,,10/06/16,09/11/20,10/04/25
"קיצור שו""ע",,,,11/06/16,10/11/20,11/04/25
"קיצור שו""ע",,,,12/06/16,11/11/20,12/04/25
